ID,Soc_ID,Var_ID,Value,Code_ID,Comment,Source,sub_case,year,source_coded_data,admin_comment,Song_ID
NHS2-FSD4,CCMCoriy1255,CCMC1,Love,CCMC1-Love,,,,,,,NHS2-FSD4
NHS2-TBMU,CCMCabkh1244,CCMC1,Dance,CCMC1-Dance,,,,,,,NHS2-TBMU
NHS2-KK34,CCMCabkh1244,CCMC1,Mourning,CCMC1-Mourning,,,,,,,NHS2-KK34
NHS2-NLXG,CCMCabkh1244,CCMC1,Mourning,CCMC1-Mourning,,,,,,,NHS2-NLXG
NHS2-2PAA,CCMCabkh1244,CCMC1,Praise,CCMC1-Praise,,,,,,,NHS2-2PAA
NHS2-AGW9,CCMCabkh1244,CCMC1,Praise,CCMC1-Praise,,,,,,,NHS2-AGW9
NHS2-U0D9,CCMCabkh1244,CCMC1,Praise,CCMC1-Praise,,,,,,,NHS2-U0D9
NHS2-Z8E6,CCMCabkh1244,CCMC1,Praise,CCMC1-Praise,,,,,,,NHS2-Z8E6
NHS2-M2XD,CCMCabkh1244,CCMC1,Procession,CCMC1-Procession,,,,,,,NHS2-M2XD
NHS2-6HQM,CCMCabkh1244,CCMC1,Story,CCMC1-Story,,,,,,,NHS2-6HQM
NHS2-8K9B,CCMCabkh1244,CCMC1,Work,CCMC1-Work,,,,,,,NHS2-8K9B
NHS2-VRBB,CCMCacol1236,CCMC1,Lullaby,CCMC1-Lullaby,,,,,,,NHS2-VRBB
NHS2-P594,CCMCacol1236,CCMC1,Play,CCMC1-Play,,,,,,,NHS2-P594
NHS2-79G9,CCMCafar1241,CCMC1,Work,CCMC1-Work,,,,,,,NHS2-79G9
NHS2-5H86,CCMCainu1240,CCMC1,Dance,CCMC1-Dance,,,,,,,NHS2-5H86
NHS2-KTO4,CCMCainu1240,CCMC1,Love,CCMC1-Love,,,,,,,NHS2-KTO4
NHS2-4RBL,CCMCainu1240,CCMC1,Lullaby,CCMC1-Lullaby,,,,,,,NHS2-4RBL
NHS2-9YBX,CCMCakan1250,CCMC1,Dance,CCMC1-Dance,,,,,,,NHS2-9YBX
NHS2-Y649,CCMCakan1250,CCMC1,Dance,CCMC1-Dance,,,,,,,NHS2-Y649
NHS2-XRSS,CCMCakan1250,CCMC1,Healing,CCMC1-Healing,,,,,,,NHS2-XRSS
NHS2-B0QQ,CCMCakan1250,CCMC1,Lullaby,CCMC1-Lullaby,,,,,,,NHS2-B0QQ
NHS2-NFZO,CCMCakan1250,CCMC1,Mourning,CCMC1-Mourning,,,,,,,NHS2-NFZO
NHS2-8MOZ,CCMCalba1267,CCMC1,Lullaby,CCMC1-Lullaby,,,,,,,NHS2-8MOZ
NHS2-EG2U,CCMCalba1267,CCMC1,Praise,CCMC1-Praise,,,,,,,NHS2-EG2U
NHS2-Z7UP,CCMCalur1250,CCMC1,Play,CCMC1-Play,,,,,,,NHS2-Z7UP
NHS2-5M11,CCMCaman1265,CCMC1,Work,CCMC1-Work,,,,,,,NHS2-5M11
NHS2-FNOC,CCMCamer1254,CCMC1,Mourning,CCMC1-Mourning,,,,,,,NHS2-FNOC
NHS2-VN77,CCMCamer1254,CCMC1,Mourning,CCMC1-Mourning,,,,,,,NHS2-VN77
NHS2-C07W,CCMCamha1245,CCMC1,Love,CCMC1-Love,,,,,,,NHS2-C07W
NHS2-HFUR,CCMCamha1245,CCMC1,Praise,CCMC1-Praise,,,,,,,NHS2-HFUR
NHS2-R4T4,CCMCamis1246,CCMC1,Work,CCMC1-Work,,,,,,,NHS2-R4T4
NHS2-X9CV,CCMCanga1288,CCMC1,Love,CCMC1-Love,,,,,,,NHS2-X9CV
NHS2-D3XG,CCMCanta1255,CCMC1,Praise,CCMC1-Praise,,,,,,,NHS2-D3XG
NHS2-1JW6,CCMCanti1245,CCMC1,Dance,CCMC1-Dance,,,,,,,NHS2-1JW6
NHS2-3LQ4,CCMCanti1245,CCMC1,Dance,CCMC1-Dance,,,,,,,NHS2-3LQ4
NHS2-ERLW,CCMCanti1245,CCMC1,Lullaby,CCMC1-Lullaby,,,,,,,NHS2-ERLW
NHS2-IX9E,CCMCanti1245,CCMC1,Story,CCMC1-Story,,,,,,,NHS2-IX9E
NHS2-F1GZ,CCMCanti1245,CCMC1,Work,CCMC1-Work,,,,,,,NHS2-F1GZ
NHS2-S2B4,CCMCanti1245,CCMC1,Work,CCMC1-Work,,,,,,,NHS2-S2B4
NHS2-1IVN,CCMCarab1395,CCMC1,Procession,CCMC1-Procession,,,,,,,NHS2-1IVN
NHS2-XHF3,CCMCarhu1242,CCMC1,Dance,CCMC1-Dance,,,,,,,NHS2-XHF3
NHS2-4KP9,CCMCarhu1242,CCMC1,Healing,CCMC1-Healing,,,,,,,NHS2-4KP9
NHS2-UOFC,CCMCarom1237,CCMC1,Dance,CCMC1-Dance,,,,,,,NHS2-UOFC
NHS2-MKSQ,CCMCarom1237,CCMC1,Procession,CCMC1-Procession,,,,,,,NHS2-MKSQ
NHS2-WJTO,CCMCarom1237,CCMC1,Procession,CCMC1-Procession,,,,,,,NHS2-WJTO
NHS2-6N1B,CCMCatay1247,CCMC1,Love,CCMC1-Love,,,,,,,NHS2-6N1B
NHS2-LXQB,CCMCatla1275,CCMC1,Procession,CCMC1-Procession,,,,,,,NHS2-LXQB
NHS2-GOPJ,CCMCaush1241,CCMC1,Dance,CCMC1-Dance,,,,,,,NHS2-GOPJ
NHS2-5T4A,CCMCaush1241,CCMC1,Love,CCMC1-Love,,,,,,,NHS2-5T4A
NHS2-DG59,CCMCayac1239,CCMC1,Love,CCMC1-Love,,,,,,,NHS2-DG59
NHS2-6NUZ,CCMCayac1239,CCMC1,Mourning,CCMC1-Mourning,,,,,,,NHS2-6NUZ
NHS2-ERSV,CCMCayac1239,CCMC1,Praise,CCMC1-Praise,,,,,,,NHS2-ERSV
NHS2-LEX9,CCMCayac1239,CCMC1,Work,CCMC1-Work,,,,,,,NHS2-LEX9
NHS2-LKVC,CCMCbaeg1237,CCMC1,Lullaby,CCMC1-Lullaby,,,,,,,NHS2-LKVC
NHS2-JZTN,CCMCbaeg1237,CCMC1,Story,CCMC1-Story,,,,,,,NHS2-JZTN
NHS2-I3W7,CCMCbafu1246,CCMC1,Lullaby,CCMC1-Lullaby,,,,,,,NHS2-I3W7
NHS2-I88T,CCMCbaic1239,CCMC1,Love,CCMC1-Love,,,,,,,NHS2-I88T
NHS2-JWTI,CCMCbali1278,CCMC1,Love,CCMC1-Love,,,,,,,NHS2-JWTI
NHS2-HBHZ,CCMCbamb1264,CCMC1,Story,CCMC1-Story,,,,,,,NHS2-HBHZ
NHS2-S814,CCMCbant1295,CCMC1,Story,CCMC1-Story,,,,,,,NHS2-S814
NHS2-O4JO,CCMCbard1255,CCMC1,Dance,CCMC1-Dance,,,,,,,NHS2-O4JO
NHS2-6ZL9,CCMCbasq1248,CCMC1,Dance,CCMC1-Dance,,,,,,,NHS2-6ZL9
NHS2-733A,CCMCbasq1248,CCMC1,Love,CCMC1-Love,,,,,,,NHS2-733A
NHS2-E2SX,CCMCbasq1248,CCMC1,Love,CCMC1-Love,,,,,,,NHS2-E2SX
NHS2-TBBB,CCMCbasq1248,CCMC1,Lullaby,CCMC1-Lullaby,,,,,,,NHS2-TBBB
NHS2-J2V9,CCMCbasq1248,CCMC1,Praise,CCMC1-Praise,,,,,,,NHS2-J2V9
NHS2-YLV9,CCMCbasq1248,CCMC1,Praise,CCMC1-Praise,,,,,,,NHS2-YLV9
NHS2-MF7G,CCMCbasq1248,CCMC1,Story,CCMC1-Story,,,,,,,NHS2-MF7G
NHS2-WGYL,CCMCbasq1248,CCMC1,Work,CCMC1-Work,,,,,,,NHS2-WGYL
NHS2-XQVH,CCMCbava1246,CCMC1,Work,CCMC1-Work,,,,,,,NHS2-XQVH
NHS2-6VND,CCMCbeja1238,CCMC1,Procession,CCMC1-Procession,,,,,,,NHS2-6VND
NHS2-XP8A,CCMCbemb1257,CCMC1,Play,CCMC1-Play,,,,,,,NHS2-XP8A
NHS2-CVSK,CCMCbeng1280,CCMC1,Love,CCMC1-Love,,,,,,,NHS2-CVSK
NHS2-VMFK,CCMCbeng1280,CCMC1,Story,CCMC1-Story,,,,,,,NHS2-VMFK
NHS2-AGU1,CCMCbeng1280,CCMC1,Work,CCMC1-Work,,,,,,,NHS2-AGU1
NHS2-ZMI9,CCMCbeng1280,CCMC1,Work,CCMC1-Work,,,,,,,NHS2-ZMI9
NHS2-330H,CCMCbhoj1244,CCMC1,Healing,CCMC1-Healing,,,,,,,NHS2-330H
NHS2-1MOO,CCMCbhoj1244,CCMC1,Story,CCMC1-Story,,,,,,,NHS2-1MOO
NHS2-XMW2,CCMCbhoj1244,CCMC1,Story,CCMC1-Story,,,,,,,NHS2-XMW2
NHS2-DMS2,CCMCbila1255,CCMC1,Healing,CCMC1-Healing,,,,,,,NHS2-DMS2
NHS2-YYR4,CCMCboro1282,CCMC1,Mourning,CCMC1-Mourning,,,,,,,NHS2-YYR4
NHS2-DYV5,CCMCboro1282,CCMC1,Work,CCMC1-Work,,,,,,,NHS2-DYV5
NHS2-IED2,CCMCbosn1245,CCMC1,Lullaby,CCMC1-Lullaby,,,,,,,NHS2-IED2
NHS2-C2VY,CCMCbukh1238,CCMC1,Dance,CCMC1-Dance,,,,,,,NHS2-C2VY
NHS2-2FZK,CCMCbukh1238,CCMC1,Love,CCMC1-Love,,,,,,,NHS2-2FZK
NHS2-340R,CCMCbukh1238,CCMC1,Love,CCMC1-Love,,,,,,,NHS2-340R
NHS2-IMHK,CCMCbulg1262,CCMC1,Dance,CCMC1-Dance,,,,,,,NHS2-IMHK
NHS2-P42P,CCMCbulg1262,CCMC1,Dance,CCMC1-Dance,,,,,,,NHS2-P42P
NHS2-HT2F,CCMCbulg1262,CCMC1,Mourning,CCMC1-Mourning,,,,,,,NHS2-HT2F
NHS2-8IBT,CCMCbulg1262,CCMC1,Praise,CCMC1-Praise,,,,,,,NHS2-8IBT
NHS2-3SLN,CCMCbulg1262,CCMC1,Procession,CCMC1-Procession,,,,,,,NHS2-3SLN
NHS2-MOYD,CCMCbulg1262,CCMC1,Procession,CCMC1-Procession,,,,,,,NHS2-MOYD
NHS2-0R25,CCMCbulg1262,CCMC1,Story,CCMC1-Story,,,,,,,NHS2-0R25
NHS2-11ZR,CCMCbulg1262,CCMC1,Story,CCMC1-Story,,,,,,,NHS2-11ZR
NHS2-6HA2,CCMCbulg1262,CCMC1,Story,CCMC1-Story,,,,,,,NHS2-6HA2
NHS2-CG2V,CCMCbulg1262,CCMC1,Story,CCMC1-Story,,,,,,,NHS2-CG2V
NHS2-5WIE,CCMCbulg1262,CCMC1,Work,CCMC1-Work,,,,,,,NHS2-5WIE
NHS2-JIPH,CCMCbulg1262,CCMC1,Work,CCMC1-Work,,,,,,,NHS2-JIPH
NHS2-JLQ7,CCMCbulg1262,CCMC1,Work,CCMC1-Work,,,,,,,NHS2-JLQ7
NHS2-T05D,CCMCbulg1262,CCMC1,Work,CCMC1-Work,,,,,,,NHS2-T05D
NHS2-M2W6,CCMCbulu1251,CCMC1,Praise,CCMC1-Praise,,,,,,,NHS2-M2W6
NHS2-NS9J,CCMCbulu1251,CCMC1,Praise,CCMC1-Praise,,,,,,,NHS2-NS9J
NHS2-5NN8,CCMCbulu1251,CCMC1,Story,CCMC1-Story,,,,,,,NHS2-5NN8
NHS2-RVXZ,CCMCbulu1251,CCMC1,Work,CCMC1-Work,,,,,,,NHS2-RVXZ
NHS2-BK1J,CCMCbunu1267,CCMC1,Healing,CCMC1-Healing,,,,,,,NHS2-BK1J
NHS2-P3GF,CCMCbunu1267,CCMC1,Healing,CCMC1-Healing,,,,,,,NHS2-P3GF
NHS2-NSJK,CCMCbunu1267,CCMC1,Praise,CCMC1-Praise,,,,,,,NHS2-NSJK
NHS2-CDWZ,CCMCbunu1267,CCMC1,Work,CCMC1-Work,,,,,,,NHS2-CDWZ
NHS2-EMO1,CCMCburu1296,CCMC1,Love,CCMC1-Love,,,,,,,NHS2-EMO1
NHS2-CS8N,CCMCburu1296,CCMC1,Mourning,CCMC1-Mourning,,,,,,,NHS2-CS8N
NHS2-4MJ7,CCMCcala1254,CCMC1,Work,CCMC1-Work,,,,,,,NHS2-4MJ7
NHS2-U21V,CCMCcayu1261,CCMC1,Healing,CCMC1-Healing,,,,,,,NHS2-U21V
NHS2-0DSZ,CCMCcent1972,CCMC1,Dance,CCMC1-Dance,,,,,,,NHS2-0DSZ
NHS2-6LBX,CCMCcent1972,CCMC1,Love,CCMC1-Love,,,,,,,NHS2-6LBX
NHS2-985K,CCMCcent1972,CCMC1,Love,CCMC1-Love,,,,,,,NHS2-985K
NHS2-SN80,CCMCcent1972,CCMC1,Love,CCMC1-Love,,,,,,,NHS2-SN80
NHS2-V3JT,CCMCcent1972,CCMC1,Love,CCMC1-Love,,,,,,,NHS2-V3JT
NHS2-X9YD,CCMCcent1972,CCMC1,Love,CCMC1-Love,,,,,,,NHS2-X9YD
NHS2-YRRB,CCMCcent1972,CCMC1,Love,CCMC1-Love,,,,,,,NHS2-YRRB
NHS2-T8GK,CCMCcent1972,CCMC1,Lullaby,CCMC1-Lullaby,,,,,,,NHS2-T8GK
NHS2-EAKC,CCMCcent1972,CCMC1,Mourning,CCMC1-Mourning,,,,,,,NHS2-EAKC
NHS2-V8Y5,CCMCcent1972,CCMC1,Praise,CCMC1-Praise,,,,,,,NHS2-V8Y5
NHS2-OXV1,CCMCcent2018,CCMC1,Love,CCMC1-Love,,,,,,,NHS2-OXV1
NHS2-VBEZ,CCMCcent2126,CCMC1,Lullaby,CCMC1-Lullaby,,,,,,,NHS2-VBEZ
NHS2-0459,CCMCcent2126,CCMC1,Work,CCMC1-Work,,,,,,,NHS2-0459
NHS2-O8Q2,CCMCcent2127,CCMC1,Praise,CCMC1-Praise,,,,,,,NHS2-O8Q2
NHS2-A6ZN,CCMCcent2131,CCMC1,Story,CCMC1-Story,,,,,,,NHS2-A6ZN
NHS2-JRIA,CCMCcent2142,CCMC1,Lullaby,CCMC1-Lullaby,,,,,,,NHS2-JRIA
NHS2-42H9,CCMCcent2142,CCMC1,Work,CCMC1-Work,,,,,,,NHS2-42H9
NHS2-0878,CCMCcent2194,CCMC1,Praise,CCMC1-Praise,,,,,,,NHS2-0878
NHS2-B9PR,CCMCcent2225,CCMC1,Dance,CCMC1-Dance,,,,,,,NHS2-B9PR
NHS2-LQB9,CCMCchac1249,CCMC1,Dance,CCMC1-Dance,,,,,,,NHS2-LQB9
NHS2-XJ7U,CCMCchac1249,CCMC1,Healing,CCMC1-Healing,,,,,,,NHS2-XJ7U
NHS2-ZGKC,CCMCchac1249,CCMC1,Healing,CCMC1-Healing,,,,,,,NHS2-ZGKC
NHS2-J6LT,CCMCchad1249,CCMC1,Praise,CCMC1-Praise,,,,,,,NHS2-J6LT
NHS2-IPF3,CCMCchak1266,CCMC1,Love,CCMC1-Love,,,,,,,NHS2-IPF3
NHS2-S7VB,CCMCchak1266,CCMC1,Lullaby,CCMC1-Lullaby,,,,,,,NHS2-S7VB
NHS2-AQU5,CCMCchak1266,CCMC1,Story,CCMC1-Story,,,,,,,NHS2-AQU5
NHS2-UGUF,CCMCcher1273,CCMC1,Lullaby,CCMC1-Lullaby,,,,,,,NHS2-UGUF
NHS2-KTHL,CCMCchey1247,CCMC1,Play,CCMC1-Play,,,,,,,NHS2-KTHL
NHS2-BU0J,CCMCchig1238,CCMC1,Lullaby,CCMC1-Lullaby,,,,,,,NHS2-BU0J
NHS2-U13X,CCMCchip1241,CCMC1,Love,CCMC1-Love,,,,,,,NHS2-U13X
NHS2-9K3U,CCMCchoc1280,CCMC1,Dance,CCMC1-Dance,,,,,,,NHS2-9K3U
NHS2-979H,CCMCchok1245,CCMC1,Mourning,CCMC1-Mourning,,,,,,,NHS2-979H
NHS2-2BQL,CCMCchuk1273,CCMC1,Dance,CCMC1-Dance,,,,,,,NHS2-2BQL
NHS2-MQJA,CCMCchuk1273,CCMC1,Dance,CCMC1-Dance,,,,,,,NHS2-MQJA
NHS2-KEAW,CCMCchuk1273,CCMC1,Lullaby,CCMC1-Lullaby,,,,,,,NHS2-KEAW
NHS2-8HH5,CCMCchuk1273,CCMC1,Work,CCMC1-Work,,,,,,,NHS2-8HH5
NHS2-V8VZ,CCMCchuk1273,CCMC1,Work,CCMC1-Work,,,,,,,NHS2-V8VZ
NHS2-O9IK,CCMCchuu1238,CCMC1,Healing,CCMC1-Healing,,,,,,,NHS2-O9IK
NHS2-SXIG,CCMCchuu1238,CCMC1,Love,CCMC1-Love,,,,,,,NHS2-SXIG
NHS2-6U9V,CCMCcoca1259,CCMC1,Dance,CCMC1-Dance,,,,,,,NHS2-6U9V
NHS2-405L,CCMCcogu1240,CCMC1,Healing,CCMC1-Healing,,,,,,,NHS2-405L
NHS2-TKZU,CCMCcogu1240,CCMC1,Love,CCMC1-Love,,,,,,,NHS2-TKZU
NHS2-QU3B,CCMCcree1272,CCMC1,Dance,CCMC1-Dance,,,,,,,NHS2-QU3B
NHS2-6C8Y,CCMCcroa1245,CCMC1,Love,CCMC1-Love,,,,,,,NHS2-6C8Y
NHS2-CV77,CCMCcroa1245,CCMC1,Procession,CCMC1-Procession,,,,,,,NHS2-CV77
NHS2-YCNL,CCMCcusc1236,CCMC1,Love,CCMC1-Love,,,,,,,NHS2-YCNL
NHS2-EPF6,CCMCcusc1236,CCMC1,Lullaby,CCMC1-Lullaby,,,,,,,NHS2-EPF6
NHS2-MY33,CCMCcusc1236,CCMC1,Procession,CCMC1-Procession,,,,,,,NHS2-MY33
NHS2-74S4,CCMCcusc1236,CCMC1,Story,CCMC1-Story,,,,,,,NHS2-74S4
NHS2-7A2U,CCMCczec1258,CCMC1,Love,CCMC1-Love,,,,,,,NHS2-7A2U
NHS2-XYGX,CCMCczec1258,CCMC1,Lullaby,CCMC1-Lullaby,,,,,,,NHS2-XYGX
NHS2-LFIO,CCMCdako1258,CCMC1,Praise,CCMC1-Praise,,,,,,,NHS2-LFIO
NHS2-FIKU,CCMCdama1270,CCMC1,Healing,CCMC1-Healing,,,,,,,NHS2-FIKU
NHS2-46KG,CCMCdani1285,CCMC1,Lullaby,CCMC1-Lullaby,,,,,,,NHS2-46KG
NHS2-BX30,CCMCdani1285,CCMC1,Praise,CCMC1-Praise,,,,,,,NHS2-BX30
NHS2-R09B,CCMCdari1249,CCMC1,Love,CCMC1-Love,,,,,,,NHS2-R09B
NHS2-A55H,CCMCdhuw1249,CCMC1,Love,CCMC1-Love,,,,,,,NHS2-A55H
NHS2-OEHE,CCMCdizi1235,CCMC1,Procession,CCMC1-Procession,,,,,,,NHS2-OEHE
NHS2-1BVB,CCMCdjap1238,CCMC1,Mourning,CCMC1-Mourning,,,,,,,NHS2-1BVB
NHS2-6W0X,CCMCdomi1242,CCMC1,Mourning,CCMC1-Mourning,,,,,,,NHS2-6W0X
NHS2-J76G,CCMCdrav1251,CCMC1,Work,CCMC1-Work,,,,,,,NHS2-J76G
NHS2-UPEJ,CCMCdrav1251,CCMC1,Work,CCMC1-Work,,,,,,,NHS2-UPEJ
NHS2-EOAH,CCMCduma1252,CCMC1,Story,CCMC1-Story,,,,,,,NHS2-EOAH
NHS2-08KZ,CCMCduma1253,CCMC1,Work,CCMC1-Work,,,,,,,NHS2-08KZ
NHS2-1K35,CCMCduma1253,CCMC1,Work,CCMC1-Work,,,,,,,NHS2-1K35
NHS2-LFJR,CCMCdutc1256,CCMC1,Dance,CCMC1-Dance,,,,,,,NHS2-LFJR
NHS2-ZAHV,CCMCdutc1256,CCMC1,Lullaby,CCMC1-Lullaby,,,,,,,NHS2-ZAHV
NHS2-EOJ6,CCMCdutc1256,CCMC1,Story,CCMC1-Story,,,,,,,NHS2-EOJ6
NHS2-KG5I,CCMCdutc1256,CCMC1,Story,CCMC1-Story,,,,,,,NHS2-KG5I
NHS2-OAVX,CCMCdutc1256,CCMC1,Story,CCMC1-Story,,,,,,,NHS2-OAVX
NHS2-QNJC,CCMCdutc1256,CCMC1,Story,CCMC1-Story,,,,,,,NHS2-QNJC
NHS2-R21G,CCMCdutc1256,CCMC1,Story,CCMC1-Story,,,,,,,NHS2-R21G
NHS2-RHJB,CCMCdutc1256,CCMC1,Story,CCMC1-Story,,,,,,,NHS2-RHJB
NHS2-SJTH,CCMCdutc1256,CCMC1,Story,CCMC1-Story,,,,,,,NHS2-SJTH
NHS2-K5DQ,CCMCeast2534,CCMC1,Dance,CCMC1-Dance,,,,,,,NHS2-K5DQ
NHS2-OAN3,CCMCeast2534,CCMC1,Dance,CCMC1-Dance,,,,,,,NHS2-OAN3
NHS2-XOBH,CCMCeast2534,CCMC1,Healing,CCMC1-Healing,,,,,,,NHS2-XOBH
NHS2-HDX7,CCMCeast2534,CCMC1,Lullaby,CCMC1-Lullaby,,,,,,,NHS2-HDX7
NHS2-WBOH,CCMCeast2534,CCMC1,Lullaby,CCMC1-Lullaby,,,,,,,NHS2-WBOH
NHS2-DAQN,CCMCeast2534,CCMC1,Play,CCMC1-Play,,,,,,,NHS2-DAQN
NHS2-V02B,CCMCeast2534,CCMC1,Play,CCMC1-Play,,,,,,,NHS2-V02B
NHS2-WX18,CCMCeast2534,CCMC1,Story,CCMC1-Story,,,,,,,NHS2-WX18
NHS2-ZRGY,CCMCecua1248,CCMC1,Healing,CCMC1-Healing,,,,,,,NHS2-ZRGY
NHS2-GSNT,CCMCeipo1242,CCMC1,Healing,CCMC1-Healing,,,,,,,NHS2-GSNT
NHS2-J94J,CCMCeipo1242,CCMC1,Mourning,CCMC1-Mourning,,,,,,,NHS2-J94J
NHS2-UYWH,CCMCeipo1242,CCMC1,Mourning,CCMC1-Mourning,,,,,,,NHS2-UYWH
NHS2-RH4A,CCMCelna1235,CCMC1,Dance,CCMC1-Dance,,,,,,,NHS2-RH4A
NHS2-966Z,CCMCelna1235,CCMC1,Work,CCMC1-Work,,,,,,,NHS2-966Z
NHS2-HO68,CCMCelna1235,CCMC1,Work,CCMC1-Work,,,,,,,NHS2-HO68
NHS2-W3SC,CCMCemil1243,CCMC1,Praise,CCMC1-Praise,,,,,,,NHS2-W3SC
NHS2-61T0,CCMCesto1258,CCMC1,Lullaby,CCMC1-Lullaby,,,,,,,NHS2-61T0
NHS2-T4JD,CCMCeven1259,CCMC1,Dance,CCMC1-Dance,,,,,,,NHS2-T4JD
NHS2-WKJ6,CCMCeven1259,CCMC1,Dance,CCMC1-Dance,,,,,,,NHS2-WKJ6
NHS2-3T3T,CCMCeven1259,CCMC1,Healing,CCMC1-Healing,,,,,,,NHS2-3T3T
NHS2-4NOR,CCMCeven1259,CCMC1,Healing,CCMC1-Healing,,,,,,,NHS2-4NOR
NHS2-QAHO,CCMCewee1241,CCMC1,Dance,CCMC1-Dance,,,,,,,NHS2-QAHO
NHS2-T8UF,CCMCfang1246,CCMC1,Love,CCMC1-Love,,,,,,,NHS2-T8UF
NHS2-NGPL,CCMCfata1245,CCMC1,Story,CCMC1-Story,,,,,,,NHS2-NGPL
NHS2-UDIY,CCMCfiji1243,CCMC1,Play,CCMC1-Play,,,,,,,NHS2-UDIY
NHS2-VBO3,CCMCfinn1318,CCMC1,Love,CCMC1-Love,,,,,,,NHS2-VBO3
NHS2-AIGL,CCMCfinn1318,CCMC1,Mourning,CCMC1-Mourning,,,,,,,NHS2-AIGL
NHS2-LFHL,CCMCgali1262,CCMC1,Healing,CCMC1-Healing,,,,,,,NHS2-LFHL
NHS2-INOD,CCMCgali1262,CCMC1,Mourning,CCMC1-Mourning,,,,,,,NHS2-INOD
NHS2-SZHN,CCMCgali1262,CCMC1,Mourning,CCMC1-Mourning,,,,,,,NHS2-SZHN
NHS2-NIM5,CCMCgand1255,CCMC1,Healing,CCMC1-Healing,,,,,,,NHS2-NIM5
NHS2-GXXC,CCMCgand1255,CCMC1,Lullaby,CCMC1-Lullaby,,,,,,,NHS2-GXXC
NHS2-O5RD,CCMCgand1255,CCMC1,Play,CCMC1-Play,,,,,,,NHS2-O5RD
NHS2-131U,CCMCgari1256,CCMC1,Dance,CCMC1-Dance,,,,,,,NHS2-131U
NHS2-LO2V,CCMCgari1256,CCMC1,Dance,CCMC1-Dance,,,,,,,NHS2-LO2V
NHS2-YTTL,CCMCgari1256,CCMC1,Dance,CCMC1-Dance,,,,,,,NHS2-YTTL
NHS2-13WN,CCMCgari1256,CCMC1,Love,CCMC1-Love,,,,,,,NHS2-13WN
NHS2-9EQ3,CCMCgari1256,CCMC1,Lullaby,CCMC1-Lullaby,,,,,,,NHS2-9EQ3
NHS2-GYY9,CCMCgari1256,CCMC1,Lullaby,CCMC1-Lullaby,,,,,,,NHS2-GYY9
NHS2-AHRQ,CCMCgari1256,CCMC1,Mourning,CCMC1-Mourning,,,,,,,NHS2-AHRQ
NHS2-L4ES,CCMCgari1256,CCMC1,Praise,CCMC1-Praise,,,,,,,NHS2-L4ES
NHS2-7LJJ,CCMCgari1256,CCMC1,Procession,CCMC1-Procession,,,,,,,NHS2-7LJJ
NHS2-O4O6,CCMCgari1256,CCMC1,Procession,CCMC1-Procession,,,,,,,NHS2-O4O6
NHS2-7O44,CCMCgari1256,CCMC1,Story,CCMC1-Story,,,,,,,NHS2-7O44
NHS2-UVHG,CCMCgari1256,CCMC1,Story,CCMC1-Story,,,,,,,NHS2-UVHG
NHS2-D9WG,CCMCgari1256,CCMC1,Work,CCMC1-Work,,,,,,,NHS2-D9WG
NHS2-G0G2,CCMCgaro1247,CCMC1,Dance,CCMC1-Dance,,,,,,,NHS2-G0G2
NHS2-DN12,CCMCgheg1238,CCMC1,Lullaby,CCMC1-Lullaby,,,,,,,NHS2-DN12
NHS2-53YA,CCMCgilb1244,CCMC1,Dance,CCMC1-Dance,,,,,,,NHS2-53YA
NHS2-84QJ,CCMCgily1242,CCMC1,Lullaby,CCMC1-Lullaby,,,,,,,NHS2-84QJ
NHS2-BMTG,CCMCgily1242,CCMC1,Lullaby,CCMC1-Lullaby,,,,,,,NHS2-BMTG
NHS2-FAYF,CCMCgily1242,CCMC1,Work,CCMC1-Work,,,,,,,NHS2-FAYF
NHS2-GN0J,CCMCgour1247,CCMC1,Dance,CCMC1-Dance,,,,,,,NHS2-GN0J
NHS2-IPI1,CCMCgree1280,CCMC1,Lullaby,CCMC1-Lullaby,,,,,,,NHS2-IPI1
NHS2-8OCR,CCMCgree1280,CCMC1,Mourning,CCMC1-Mourning,,,,,,,NHS2-8OCR
NHS2-L9T3,CCMCgree1280,CCMC1,Play,CCMC1-Play,,,,,,,NHS2-L9T3
NHS2-FOJU,CCMCgree1280,CCMC1,Story,CCMC1-Story,,,,,,,NHS2-FOJU
NHS2-49MA,CCMCgren1247,CCMC1,Dance,CCMC1-Dance,,,,,,,NHS2-49MA
NHS2-ISYT,CCMCgren1247,CCMC1,Dance,CCMC1-Dance,,,,,,,NHS2-ISYT
NHS2-ULTX,CCMCgren1247,CCMC1,Dance,CCMC1-Dance,,,,,,,NHS2-ULTX
NHS2-ZX7S,CCMCgren1247,CCMC1,Dance,CCMC1-Dance,,,,,,,NHS2-ZX7S
NHS2-8CML,CCMCgren1247,CCMC1,Lullaby,CCMC1-Lullaby,,,,,,,NHS2-8CML
NHS2-9MP5,CCMCgren1247,CCMC1,Lullaby,CCMC1-Lullaby,,,,,,,NHS2-9MP5
NHS2-P5OG,CCMCgren1247,CCMC1,Lullaby,CCMC1-Lullaby,,,,,,,NHS2-P5OG
NHS2-D4UW,CCMCgren1247,CCMC1,Mourning,CCMC1-Mourning,,,,,,,NHS2-D4UW
NHS2-0NEA,CCMCgren1247,CCMC1,Play,CCMC1-Play,,,,,,,NHS2-0NEA
NHS2-DNKN,CCMCgren1247,CCMC1,Procession,CCMC1-Procession,,,,,,,NHS2-DNKN
NHS2-8RLI,CCMCgren1247,CCMC1,Story,CCMC1-Story,,,,,,,NHS2-8RLI
NHS2-3NY3,CCMCguad1242,CCMC1,Dance,CCMC1-Dance,,,,,,,NHS2-3NY3
NHS2-5AW1,CCMCguad1242,CCMC1,Dance,CCMC1-Dance,,,,,,,NHS2-5AW1
NHS2-S1ZI,CCMCguad1242,CCMC1,Dance,CCMC1-Dance,,,,,,,NHS2-S1ZI
NHS2-5FGZ,CCMCguad1242,CCMC1,Work,CCMC1-Work,,,,,,,NHS2-5FGZ
NHS2-765L,CCMCguan1269,CCMC1,Healing,CCMC1-Healing,,,,,,,NHS2-765L
NHS2-YDIO,CCMCguer1241,CCMC1,Love,CCMC1-Love,,,,,,,NHS2-YDIO
NHS2-CQH0,CCMCguer1241,CCMC1,Lullaby,CCMC1-Lullaby,,,,,,,NHS2-CQH0
NHS2-R2MC,CCMCgugu1254,CCMC1,Story,CCMC1-Story,,,,,,,NHS2-R2MC
NHS2-GN1C,CCMCguja1252,CCMC1,Dance,CCMC1-Dance,,,,,,,NHS2-GN1C
NHS2-XBJ8,CCMCguja1252,CCMC1,Play,CCMC1-Play,,,,,,,NHS2-XBJ8
NHS2-L75M,CCMCgulf1241,CCMC1,Work,CCMC1-Work,,,,,,,NHS2-L75M
NHS2-BLMM,CCMCgunw1252,CCMC1,Story,CCMC1-Story,,,,,,,NHS2-BLMM
NHS2-XZS0,CCMChadr1236,CCMC1,Procession,CCMC1-Procession,,,,,,,NHS2-XZS0
NHS2-AMSU,CCMChadr1236,CCMC1,Work,CCMC1-Work,,,,,,,NHS2-AMSU
NHS2-ELP3,CCMChaid1248,CCMC1,Lullaby,CCMC1-Lullaby,,,,,,,NHS2-ELP3
NHS2-FUAL,CCMChait1244,CCMC1,Dance,CCMC1-Dance,,,,,,,NHS2-FUAL
NHS2-484H,CCMChait1244,CCMC1,Love,CCMC1-Love,,,,,,,NHS2-484H
NHS2-MV8X,CCMChait1244,CCMC1,Play,CCMC1-Play,,,,,,,NHS2-MV8X
NHS2-8LLJ,CCMChanu1241,CCMC1,Lullaby,CCMC1-Lullaby,,,,,,,NHS2-8LLJ
NHS2-G9MC,CCMChanu1241,CCMC1,Work,CCMC1-Work,,,,,,,NHS2-G9MC
NHS2-SLI8,CCMChass1238,CCMC1,Praise,CCMC1-Praise,,,,,,,NHS2-SLI8
NHS2-R3J7,CCMChass1238,CCMC1,Story,CCMC1-Story,,,,,,,NHS2-R3J7
NHS2-PLYB,CCMChava1248,CCMC1,Mourning,CCMC1-Mourning,,,,,,,NHS2-PLYB
NHS2-9GA2,CCMChawa1245,CCMC1,Dance,CCMC1-Dance,,,,,,,NHS2-9GA2
NHS2-EXN7,CCMChawa1245,CCMC1,Healing,CCMC1-Healing,,,,,,,NHS2-EXN7
NHS2-PS37,CCMChawa1245,CCMC1,Love,CCMC1-Love,,,,,,,NHS2-PS37
NHS2-AQF0,CCMChere1253,CCMC1,Praise,CCMC1-Praise,,,,,,,NHS2-AQF0
NHS2-ZP5P,CCMChima1250,CCMC1,Love,CCMC1-Love,,,,,,,NHS2-ZP5P
NHS2-19VX,CCMChind1269,CCMC1,Love,CCMC1-Love,,,,,,,NHS2-19VX
NHS2-6CUN,CCMChind1269,CCMC1,Story,CCMC1-Story,,,,,,,NHS2-6CUN
NHS2-YWOB,CCMChind1269,CCMC1,Work,CCMC1-Work,,,,,,,NHS2-YWOB
NHS2-4EAD,CCMChopi1249,CCMC1,Dance,CCMC1-Dance,,,,,,,NHS2-4EAD
NHS2-E5T5,CCMChopi1249,CCMC1,Lullaby,CCMC1-Lullaby,,,,,,,NHS2-E5T5
NHS2-MQZS,CCMChopi1249,CCMC1,Praise,CCMC1-Praise,,,,,,,NHS2-MQZS
NHS2-QIQS,CCMChuau1238,CCMC1,Healing,CCMC1-Healing,,,,,,,NHS2-QIQS
NHS2-UYG4,CCMChuic1243,CCMC1,Dance,CCMC1-Dance,,,,,,,NHS2-UYG4
NHS2-VA7K,CCMChuic1243,CCMC1,Dance,CCMC1-Dance,,,,,,,NHS2-VA7K
NHS2-XTHW,CCMChuic1243,CCMC1,Healing,CCMC1-Healing,,,,,,,NHS2-XTHW
NHS2-3OER,CCMChuic1243,CCMC1,Love,CCMC1-Love,,,,,,,NHS2-3OER
NHS2-5W5A,CCMChuic1243,CCMC1,Procession,CCMC1-Procession,,,,,,,NHS2-5W5A
NHS2-3RY9,CCMChuic1243,CCMC1,Work,CCMC1-Work,,,,,,,NHS2-3RY9
NHS2-E879,CCMChung1274,CCMC1,Dance,CCMC1-Dance,,,,,,,NHS2-E879
NHS2-IU31,CCMChung1274,CCMC1,Lullaby,CCMC1-Lullaby,,,,,,,NHS2-IU31
NHS2-I7H2,CCMChung1274,CCMC1,Mourning,CCMC1-Mourning,,,,,,,NHS2-I7H2
NHS2-LVNB,CCMChung1274,CCMC1,Mourning,CCMC1-Mourning,,,,,,,NHS2-LVNB
NHS2-YN1A,CCMChung1274,CCMC1,Work,CCMC1-Work,,,,,,,NHS2-YN1A
NHS2-TLT0,CCMCicel1247,CCMC1,Lullaby,CCMC1-Lullaby,,,,,,,NHS2-TLT0
NHS2-YQ2F,CCMCicel1247,CCMC1,Praise,CCMC1-Praise,,,,,,,NHS2-YQ2F
NHS2-56NT,CCMCicel1247,CCMC1,Story,CCMC1-Story,,,,,,,NHS2-56NT
NHS2-Y7FV,CCMCindo1316,CCMC1,Dance,CCMC1-Dance,,,,,,,NHS2-Y7FV
NHS2-LA7I,CCMCindo1316,CCMC1,Lullaby,CCMC1-Lullaby,,,,,,,NHS2-LA7I
NHS2-1D5A,CCMCindo1317,CCMC1,Love,CCMC1-Love,,,,,,,NHS2-1D5A
NHS2-ACA2,CCMCiris1255,CCMC1,Story,CCMC1-Story,,,,,,,NHS2-ACA2
NHS2-LEIP,CCMCiris1255,CCMC1,Story,CCMC1-Story,,,,,,,NHS2-LEIP
NHS2-U14O,CCMCital1282,CCMC1,Love,CCMC1-Love,,,,,,,NHS2-U14O
NHS2-JYNI,CCMCiumi1238,CCMC1,Procession,CCMC1-Procession,,,,,,,NHS2-JYNI
NHS2-6CQJ,CCMCiwai1244,CCMC1,Love,CCMC1-Love,,,,,,,NHS2-6CQJ
NHS2-TGEC,CCMCixil1251,CCMC1,Procession,CCMC1-Procession,,,,,,,NHS2-TGEC
NHS2-29EL,CCMCjama1262,CCMC1,Play,CCMC1-Play,,,,,,,NHS2-29EL
NHS2-SNG1,CCMCjamb1236,CCMC1,Healing,CCMC1-Healing,,,,,,,NHS2-SNG1
NHS2-79FC,CCMCjaun1243,CCMC1,Story,CCMC1-Story,,,,,,,NHS2-79FC
NHS2-RHD1,CCMCjava1254,CCMC1,Play,CCMC1-Play,,,,,,,NHS2-RHD1
NHS2-Q655,CCMCjeha1242,CCMC1,Story,CCMC1-Story,,,,,,,NHS2-Q655
NHS2-CN26,CCMCjiva1245,CCMC1,Dance,CCMC1-Dance,,,,,,,NHS2-CN26
NHS2-BJKN,CCMCjiva1245,CCMC1,Love,CCMC1-Love,,,,,,,NHS2-BJKN
NHS2-YLXK,CCMCjiva1245,CCMC1,Love,CCMC1-Love,,,,,,,NHS2-YLXK
NHS2-914A,CCMCjola1263,CCMC1,Praise,CCMC1-Praise,,,,,,,NHS2-914A
NHS2-M6X4,CCMCjola1263,CCMC1,Procession,CCMC1-Procession,,,,,,,NHS2-M6X4
NHS2-2UTZ,CCMCjola1263,CCMC1,Work,CCMC1-Work,,,,,,,NHS2-2UTZ
NHS2-UZLM,CCMCjuho1239,CCMC1,Healing,CCMC1-Healing,,,,,,,NHS2-UZLM
NHS2-CQFQ,CCMCjuru1256,CCMC1,Lullaby,CCMC1-Lullaby,,,,,,,NHS2-CQFQ
NHS2-GJ4X,CCMCkabi1260,CCMC1,Lullaby,CCMC1-Lullaby,,,,,,,NHS2-GJ4X
NHS2-SG98,CCMCkach1277,CCMC1,Dance,CCMC1-Dance,,,,,,,NHS2-SG98
NHS2-7YXU,CCMCkain1272,CCMC1,Mourning,CCMC1-Mourning,,,,,,,NHS2-7YXU
NHS2-1FS4,CCMCkala1377,CCMC1,Praise,CCMC1-Praise,,,,,,,NHS2-1FS4
NHS2-NODK,CCMCkali1308,CCMC1,Healing,CCMC1-Healing,,,,,,,NHS2-NODK
NHS2-56ZE,CCMCkali1308,CCMC1,Love,CCMC1-Love,,,,,,,NHS2-56ZE
NHS2-EVGH,CCMCkali1308,CCMC1,Lullaby,CCMC1-Lullaby,,,,,,,NHS2-EVGH
NHS2-8NOH,CCMCkama1373,CCMC1,Story,CCMC1-Story,,,,,,,NHS2-8NOH
NHS2-A1WC,CCMCkamb1320,CCMC1,Procession,CCMC1-Procession,,,,,,,NHS2-A1WC
NHS2-9GQR,CCMCkamb1320,CCMC1,Work,CCMC1-Work,,,,,,,NHS2-9GQR
NHS2-D04O,CCMCkamb1320,CCMC1,Work,CCMC1-Work,,,,,,,NHS2-D04O
NHS2-MTQX,CCMCkamb1320,CCMC1,Work,CCMC1-Work,,,,,,,NHS2-MTQX
NHS2-6SKT,CCMCkana1291,CCMC1,Play,CCMC1-Play,,,,,,,NHS2-6SKT
NHS2-LF3O,CCMCkara1467,CCMC1,Lullaby,CCMC1-Lullaby,,,,,,,NHS2-LF3O
NHS2-QQ8E,CCMCkara1483,CCMC1,Play,CCMC1-Play,,,,,,,NHS2-QQ8E
NHS2-3U9L,CCMCkara1483,CCMC1,Procession,CCMC1-Procession,,,,,,,NHS2-3U9L
NHS2-0ERR,CCMCkara1483,CCMC1,Work,CCMC1-Work,,,,,,,NHS2-0ERR
NHS2-LS5V,CCMCkara1484,CCMC1,Lullaby,CCMC1-Lullaby,,,,,,,NHS2-LS5V
NHS2-IZWB,CCMCkara1500,CCMC1,Dance,CCMC1-Dance,,,,,,,NHS2-IZWB
NHS2-AOIU,CCMCkara1500,CCMC1,Lullaby,CCMC1-Lullaby,,,,,,,NHS2-AOIU
NHS2-X35A,CCMCkara1500,CCMC1,Lullaby,CCMC1-Lullaby,,,,,,,NHS2-X35A
NHS2-D7UD,CCMCkash1274,CCMC1,Praise,CCMC1-Praise,,,,,,,NHS2-D7UD
NHS2-TQBZ,CCMCkaul1240,CCMC1,Mourning,CCMC1-Mourning,,,,,,,NHS2-TQBZ
NHS2-3OQR,CCMCkaya1330,CCMC1,Praise,CCMC1-Praise,,,,,,,NHS2-3OQR
NHS2-TL0L,CCMCkaya1330,CCMC1,Procession,CCMC1-Procession,,,,,,,NHS2-TL0L
NHS2-P5JI,CCMCkaza1248,CCMC1,Story,CCMC1-Story,,,,,,,NHS2-P5JI
NHS2-ZTKY,CCMCkaza1248,CCMC1,Work,CCMC1-Work,,,,,,,NHS2-ZTKY
NHS2-OPGO,CCMCkekc1242,CCMC1,Lullaby,CCMC1-Lullaby,,,,,,,NHS2-OPGO
NHS2-NRZX,CCMCkela1258,CCMC1,Love,CCMC1-Love,,,,,,,NHS2-NRZX
NHS2-13QA,CCMCkema1243,CCMC1,Mourning,CCMC1-Mourning,,,,,,,NHS2-13QA
NHS2-CJRT,CCMCkema1243,CCMC1,Procession,CCMC1-Procession,,,,,,,NHS2-CJRT
NHS2-9W4T,CCMCkema1243,CCMC1,Story,CCMC1-Story,,,,,,,NHS2-9W4T
NHS2-CP41,CCMCkemi1239,CCMC1,Love,CCMC1-Love,,,,,,,NHS2-CP41
NHS2-66IN,CCMCkere1287,CCMC1,Dance,CCMC1-Dance,,,,,,,NHS2-66IN
NHS2-XGAI,CCMCkere1287,CCMC1,Dance,CCMC1-Dance,,,,,,,NHS2-XGAI
NHS2-MU8R,CCMCkiny1244,CCMC1,Love,CCMC1-Love,,,,,,,NHS2-MU8R
NHS2-IPO1,CCMCkiow1264,CCMC1,Lullaby,CCMC1-Lullaby,,,,,,,NHS2-IPO1
NHS2-J5AX,CCMCkiow1266,CCMC1,Dance,CCMC1-Dance,,,,,,,NHS2-J5AX
NHS2-BHQB,CCMCkiow1266,CCMC1,Lullaby,CCMC1-Lullaby,,,,,,,NHS2-BHQB
NHS2-FM7L,CCMCkirg1245,CCMC1,Story,CCMC1-Story,,,,,,,NHS2-FM7L
NHS2-8QLU,CCMCkohi1250,CCMC1,Work,CCMC1-Work,,,,,,,NHS2-8QLU
NHS2-YJU7,CCMCkomi1269,CCMC1,Story,CCMC1-Story,,,,,,,NHS2-YJU7
NHS2-JWTY,CCMCkore1280,CCMC1,Healing,CCMC1-Healing,,,,,,,NHS2-JWTY
NHS2-ZWHJ,CCMCkore1280,CCMC1,Mourning,CCMC1-Mourning,,,,,,,NHS2-ZWHJ
NHS2-RCXO,CCMCkore1280,CCMC1,Praise,CCMC1-Praise,,,,,,,NHS2-RCXO
NHS2-5THI,CCMCkore1280,CCMC1,Story,CCMC1-Story,,,,,,,NHS2-5THI
NHS2-IAY0,CCMCkore1280,CCMC1,Story,CCMC1-Story,,,,,,,NHS2-IAY0
NHS2-NQ2U,CCMCkore1280,CCMC1,Story,CCMC1-Story,,,,,,,NHS2-NQ2U
NHS2-U1QE,CCMCkore1280,CCMC1,Work,CCMC1-Work,,,,,,,NHS2-U1QE
NHS2-8HYJ,CCMCkory1246,CCMC1,Dance,CCMC1-Dance,,,,,,,NHS2-8HYJ
NHS2-5HCI,CCMCkota1263,CCMC1,Praise,CCMC1-Praise,,,,,,,NHS2-5HCI
NHS2-RFNO,CCMCkoyo1242,CCMC1,Healing,CCMC1-Healing,,,,,,,NHS2-RFNO
NHS2-YJW0,CCMCkrah1246,CCMC1,Dance,CCMC1-Dance,,,,,,,NHS2-YJW0
NHS2-5U0S,CCMCkuik1246,CCMC1,Dance,CCMC1-Dance,,,,,,,NHS2-5U0S
NHS2-0OOB,CCMCkuik1246,CCMC1,Story,CCMC1-Story,,,,,,,NHS2-0OOB
NHS2-CRM7,CCMCkuik1246,CCMC1,Story,CCMC1-Story,,,,,,,NHS2-CRM7
NHS2-JIGG,CCMCkuik1246,CCMC1,Story,CCMC1-Story,,,,,,,NHS2-JIGG
NHS2-K4KT,CCMCkuik1246,CCMC1,Story,CCMC1-Story,,,,,,,NHS2-K4KT
NHS2-76SZ,CCMCkuma1280,CCMC1,Procession,CCMC1-Procession,,,,,,,NHS2-76SZ
NHS2-2G3N,CCMCkups1238,CCMC1,Play,CCMC1-Play,,,,,,,NHS2-2G3N
NHS2-GQVS,CCMCkurd1259,CCMC1,Love,CCMC1-Love,,,,,,,NHS2-GQVS
NHS2-8TRZ,CCMCkwak1269,CCMC1,Healing,CCMC1-Healing,,,,,,,NHS2-8TRZ
NHS2-OIRZ,CCMCkwak1269,CCMC1,Healing,CCMC1-Healing,,,,,,,NHS2-OIRZ
NHS2-8QBW,CCMCkwak1269,CCMC1,Love,CCMC1-Love,,,,,,,NHS2-8QBW
NHS2-I0MN,CCMCkwak1269,CCMC1,Procession,CCMC1-Procession,,,,,,,NHS2-I0MN
NHS2-SIPH,CCMCkwen1247,CCMC1,Lullaby,CCMC1-Lullaby,,,,,,,NHS2-SIPH
NHS2-BBYW,CCMCladi1251,CCMC1,Love,CCMC1-Love,,,,,,,NHS2-BBYW
NHS2-9BBL,CCMClako1247,CCMC1,Healing,CCMC1-Healing,,,,,,,NHS2-9BBL
NHS2-L84K,CCMClala1264,CCMC1,Mourning,CCMC1-Mourning,,,,,,,NHS2-L84K
NHS2-P32P,CCMClaoo1244,CCMC1,Lullaby,CCMC1-Lullaby,,,,,,,NHS2-P32P
NHS2-I79R,CCMClaoo1244,CCMC1,Story,CCMC1-Story,,,,,,,NHS2-I79R
NHS2-7NEZ,CCMClard1243,CCMC1,Lullaby,CCMC1-Lullaby,,,,,,,NHS2-7NEZ
NHS2-3DYT,CCMClatv1249,CCMC1,Dance,CCMC1-Dance,,,,,,,NHS2-3DYT
NHS2-155V,CCMClatv1249,CCMC1,Lullaby,CCMC1-Lullaby,,,,,,,NHS2-155V
NHS2-2UPM,CCMCless1242,CCMC1,Lullaby,CCMC1-Lullaby,,,,,,,NHS2-2UPM
NHS2-MRNQ,CCMCless1242,CCMC1,Lullaby,CCMC1-Lullaby,,,,,,,NHS2-MRNQ
NHS2-XIJR,CCMClioo1240,CCMC1,Work,CCMC1-Work,,,,,,,NHS2-XIJR
NHS2-9HTB,CCMClith1251,CCMC1,Lullaby,CCMC1-Lullaby,,,,,,,NHS2-9HTB
NHS2-B7OB,CCMClith1251,CCMC1,Lullaby,CCMC1-Lullaby,,,,,,,NHS2-B7OB
NHS2-N9YG,CCMClito1235,CCMC1,Lullaby,CCMC1-Lullaby,,,,,,,NHS2-N9YG
NHS2-0DXY,CCMClito1235,CCMC1,Play,CCMC1-Play,,,,,,,NHS2-0DXY
NHS2-C15J,CCMClito1235,CCMC1,Play,CCMC1-Play,,,,,,,NHS2-C15J
NHS2-RCBL,CCMClito1235,CCMC1,Play,CCMC1-Play,,,,,,,NHS2-RCBL
NHS2-UE7S,CCMClowe1445,CCMC1,Play,CCMC1-Play,,,,,,,NHS2-UE7S
NHS2-6R84,CCMClowg1239,CCMC1,Work,CCMC1-Work,,,,,,,NHS2-6R84
NHS2-2BT6,CCMCloya1239,CCMC1,Dance,CCMC1-Dance,,,,,,,NHS2-2BT6
NHS2-I4V5,CCMClozi1239,CCMC1,Dance,CCMC1-Dance,,,,,,,NHS2-I4V5
NHS2-XWL8,CCMCluba1249,CCMC1,Procession,CCMC1-Procession,,,,,,,NHS2-XWL8
NHS2-GDCE,CCMClund1266,CCMC1,Healing,CCMC1-Healing,,,,,,,NHS2-GDCE
NHS2-FUK5,CCMCmace1250,CCMC1,Dance,CCMC1-Dance,,,,,,,NHS2-FUK5
NHS2-O9JH,CCMCmacu1259,CCMC1,Work,CCMC1-Work,,,,,,,NHS2-O9JH
NHS2-NHW2,CCMCmadi1260,CCMC1,Story,CCMC1-Story,,,,,,,NHS2-NHW2
NHS2-0BSK,CCMCmagu1243,CCMC1,Love,CCMC1-Love,,,,,,,NHS2-0BSK
NHS2-K4B7,CCMCmagu1243,CCMC1,Love,CCMC1-Love,,,,,,,NHS2-K4B7
NHS2-51BM,CCMCmagu1243,CCMC1,Lullaby,CCMC1-Lullaby,,,,,,,NHS2-51BM
NHS2-VGRT,CCMCmagu1243,CCMC1,Lullaby,CCMC1-Lullaby,,,,,,,NHS2-VGRT
NHS2-TN8J,CCMCmagu1243,CCMC1,Story,CCMC1-Story,,,,,,,NHS2-TN8J
NHS2-6UVI,CCMCmaha1287,CCMC1,Dance,CCMC1-Dance,,,,,,,NHS2-6UVI
NHS2-MC84,CCMCmaha1309,CCMC1,Dance,CCMC1-Dance,,,,,,,NHS2-MC84
NHS2-VEE7,CCMCmaka1311,CCMC1,Dance,CCMC1-Dance,,,,,,,NHS2-VEE7
NHS2-RKZ9,CCMCmaku1246,CCMC1,Work,CCMC1-Work,,,,,,,NHS2-RKZ9
NHS2-B0XT,CCMCmala1464,CCMC1,Dance,CCMC1-Dance,,,,,,,NHS2-B0XT
NHS2-P77G,CCMCmala1464,CCMC1,Dance,CCMC1-Dance,,,,,,,NHS2-P77G
NHS2-JOI6,CCMCmala1464,CCMC1,Love,CCMC1-Love,,,,,,,NHS2-JOI6
NHS2-TFPI,CCMCmala1464,CCMC1,Praise,CCMC1-Praise,,,,,,,NHS2-TFPI
NHS2-BJS2,CCMCmala1464,CCMC1,Story,CCMC1-Story,,,,,,,NHS2-BJS2
NHS2-F36Z,CCMCmala1464,CCMC1,Story,CCMC1-Story,,,,,,,NHS2-F36Z
NHS2-2OS6,CCMCmand1415,CCMC1,Work,CCMC1-Work,,,,,,,NHS2-2OS6
NHS2-TXC2,CCMCmang1405,CCMC1,Procession,CCMC1-Procession,,,,,,,NHS2-TXC2
NHS2-79XK,CCMCmaor1246,CCMC1,Love,CCMC1-Love,,,,,,,NHS2-79XK
NHS2-CYTF,CCMCmaor1246,CCMC1,Love,CCMC1-Love,,,,,,,NHS2-CYTF
NHS2-LDPM,CCMCmaor1246,CCMC1,Love,CCMC1-Love,,,,,,,NHS2-LDPM
NHS2-MW5F,CCMCmaor1246,CCMC1,Love,CCMC1-Love,,,,,,,NHS2-MW5F
NHS2-QX2Q,CCMCmaor1246,CCMC1,Love,CCMC1-Love,,,,,,,NHS2-QX2Q
NHS2-VI5Q,CCMCmaor1246,CCMC1,Love,CCMC1-Love,,,,,,,NHS2-VI5Q
NHS2-VQLP,CCMCmaor1246,CCMC1,Love,CCMC1-Love,,,,,,,NHS2-VQLP
NHS2-G3HZ,CCMCmaor1246,CCMC1,Lullaby,CCMC1-Lullaby,,,,,,,NHS2-G3HZ
NHS2-LT6Y,CCMCmaor1246,CCMC1,Lullaby,CCMC1-Lullaby,,,,,,,NHS2-LT6Y
NHS2-MEUM,CCMCmaor1246,CCMC1,Lullaby,CCMC1-Lullaby,,,,,,,NHS2-MEUM
NHS2-ZEU0,CCMCmaor1246,CCMC1,Lullaby,CCMC1-Lullaby,,,,,,,NHS2-ZEU0
NHS2-0KOG,CCMCmaor1246,CCMC1,Mourning,CCMC1-Mourning,,,,,,,NHS2-0KOG
NHS2-5XFO,CCMCmaor1246,CCMC1,Mourning,CCMC1-Mourning,,,,,,,NHS2-5XFO
NHS2-L4AU,CCMCmaor1246,CCMC1,Mourning,CCMC1-Mourning,,,,,,,NHS2-L4AU
NHS2-NVVR,CCMCmaor1246,CCMC1,Mourning,CCMC1-Mourning,,,,,,,NHS2-NVVR
NHS2-RU8O,CCMCmaor1246,CCMC1,Mourning,CCMC1-Mourning,,,,,,,NHS2-RU8O
NHS2-3JUS,CCMCmaor1246,CCMC1,Work,CCMC1-Work,,,,,,,NHS2-3JUS
NHS2-863N,CCMCmaor1246,CCMC1,Work,CCMC1-Work,,,,,,,NHS2-863N
NHS2-BGQZ,CCMCmaor1246,CCMC1,Work,CCMC1-Work,,,,,,,NHS2-BGQZ
NHS2-KVWI,CCMCmaor1246,CCMC1,Work,CCMC1-Work,,,,,,,NHS2-KVWI
NHS2-DGOE,CCMCmapu1245,CCMC1,Love,CCMC1-Love,,,,,,,NHS2-DGOE
NHS2-1S3V,CCMCmaqu1238,CCMC1,Healing,CCMC1-Healing,,,,,,,NHS2-1S3V
NHS2-BNQV,CCMCmara1378,CCMC1,Lullaby,CCMC1-Lullaby,,,,,,,NHS2-BNQV
NHS2-I699,CCMCmari1278,CCMC1,Work,CCMC1-Work,,,,,,,NHS2-I699
NHS2-BM3C,CCMCmart1259,CCMC1,Dance,CCMC1-Dance,,,,,,,NHS2-BM3C
NHS2-BMGH,CCMCmasa1300,CCMC1,Dance,CCMC1-Dance,,,,,,,NHS2-BMGH
NHS2-OTJS,CCMCmaya1287,CCMC1,Dance,CCMC1-Dance,,,,,,,NHS2-OTJS
NHS2-27QB,CCMCmaya1287,CCMC1,Mourning,CCMC1-Mourning,,,,,,,NHS2-27QB
NHS2-Z8Q6,CCMCmayo1264,CCMC1,Dance,CCMC1-Dance,,,,,,,NHS2-Z8Q6
NHS2-3ID0,CCMCmaza1291,CCMC1,Story,CCMC1-Story,,,,,,,NHS2-3ID0
NHS2-WFE1,CCMCmbuk1240,CCMC1,Healing,CCMC1-Healing,,,,,,,NHS2-WFE1
NHS2-1VEN,CCMCmeit1246,CCMC1,Dance,CCMC1-Dance,,,,,,,NHS2-1VEN
NHS2-9Y3G,CCMCmeit1246,CCMC1,Praise,CCMC1-Praise,,,,,,,NHS2-9Y3G
NHS2-I3RO,CCMCmelp1238,CCMC1,Love,CCMC1-Love,,,,,,,NHS2-I3RO
NHS2-HUX8,CCMCmeri1244,CCMC1,Praise,CCMC1-Praise,,,,,,,NHS2-HUX8
NHS2-R2YS,CCMCmeri1244,CCMC1,Work,CCMC1-Work,,,,,,,NHS2-R2YS
NHS2-UDOB,CCMCmezq1235,CCMC1,Play,CCMC1-Play,,,,,,,NHS2-UDOB
NHS2-GPDW,CCMCmika1239,CCMC1,Healing,CCMC1-Healing,,,,,,,NHS2-GPDW
NHS2-PGOU,CCMCmika1239,CCMC1,Story,CCMC1-Story,,,,,,,NHS2-PGOU
NHS2-Z441,CCMCmika1239,CCMC1,Story,CCMC1-Story,,,,,,,NHS2-Z441
NHS2-KWD9,CCMCmikm1235,CCMC1,Love,CCMC1-Love,,,,,,,NHS2-KWD9
NHS2-TOVS,CCMCmikm1235,CCMC1,Praise,CCMC1-Praise,,,,,,,NHS2-TOVS
NHS2-G8EZ,CCMCmina1268,CCMC1,Story,CCMC1-Story,,,,,,,NHS2-G8EZ
NHS2-V2MG,CCMCmina1268,CCMC1,Story,CCMC1-Story,,,,,,,NHS2-V2MG
NHS2-41ON,CCMCmiri1266,CCMC1,Dance,CCMC1-Dance,,,,,,,NHS2-41ON
NHS2-ATWM,CCMCmisk1235,CCMC1,Story,CCMC1-Story,,,,,,,NHS2-ATWM
NHS2-O0LK,CCMCmisk1235,CCMC1,Story,CCMC1-Story,,,,,,,NHS2-O0LK
NHS2-ROQE,CCMCmode1248,CCMC1,Dance,CCMC1-Dance,,,,,,,NHS2-ROQE
NHS2-S58Q,CCMCmode1248,CCMC1,Dance,CCMC1-Dance,,,,,,,NHS2-S58Q
NHS2-F3H4,CCMCmode1248,CCMC1,Love,CCMC1-Love,,,,,,,NHS2-F3H4
NHS2-E0EF,CCMCmode1248,CCMC1,Lullaby,CCMC1-Lullaby,,,,,,,NHS2-E0EF
NHS2-TRIT,CCMCmode1248,CCMC1,Story,CCMC1-Story,,,,,,,NHS2-TRIT
NHS2-IKPC,CCMCmong1338,CCMC1,Dance,CCMC1-Dance,,,,,,,NHS2-IKPC
NHS2-5ETJ,CCMCmuri1262,CCMC1,Love,CCMC1-Love,,,,,,,NHS2-5ETJ
NHS2-PEN8,CCMCnama1264,CCMC1,Lullaby,CCMC1-Lullaby,,,,,,,NHS2-PEN8
NHS2-2OZH,CCMCnana1257,CCMC1,Healing,CCMC1-Healing,,,,,,,NHS2-2OZH
NHS2-5IXS,CCMCnana1257,CCMC1,Lullaby,CCMC1-Lullaby,,,,,,,NHS2-5IXS
NHS2-8Z3Q,CCMCnana1257,CCMC1,Story,CCMC1-Story,,,,,,,NHS2-8Z3Q
NHS2-YH6E,CCMCnana1257,CCMC1,Work,CCMC1-Work,,,,,,,NHS2-YH6E
NHS2-7CEW,CCMCnapo1241,CCMC1,Dance,CCMC1-Dance,,,,,,,NHS2-7CEW
NHS2-JFOZ,CCMCnaro1249,CCMC1,Healing,CCMC1-Healing,,,,,,,NHS2-JFOZ
NHS2-OBH8,CCMCnaro1249,CCMC1,Healing,CCMC1-Healing,,,,,,,NHS2-OBH8
NHS2-TW9J,CCMCndon1254,CCMC1,Love,CCMC1-Love,,,,,,,NHS2-TW9J
NHS2-USTD,CCMCnepa1254,CCMC1,Love,CCMC1-Love,,,,,,,NHS2-USTD
NHS2-NI78,CCMCngon1269,CCMC1,Mourning,CCMC1-Mourning,,,,,,,NHS2-NI78
NHS2-GP6X,CCMCnias1242,CCMC1,Mourning,CCMC1-Mourning,,,,,,,NHS2-GP6X
NHS2-DGE5,CCMCnica1252,CCMC1,Story,CCMC1-Story,,,,,,,NHS2-DGE5
NHS2-R2EN,CCMCnica1252,CCMC1,Story,CCMC1-Story,,,,,,,NHS2-R2EN
NHS2-K9E6,CCMCniue1239,CCMC1,Play,CCMC1-Play,,,,,,,NHS2-K9E6
NHS2-VIBU,CCMCniue1239,CCMC1,Praise,CCMC1-Praise,,,,,,,NHS2-VIBU
NHS2-LU0Q,CCMCnort2641,CCMC1,Story,CCMC1-Story,,,,,,,NHS2-LU0Q
NHS2-URYE,CCMCnort2646,CCMC1,Work,CCMC1-Work,,,,,,,NHS2-URYE
NHS2-Y6V2,CCMCnort2697,CCMC1,Love,CCMC1-Love,,,,,,,NHS2-Y6V2
NHS2-RSPL,CCMCnort2745,CCMC1,Lullaby,CCMC1-Lullaby,,,,,,,NHS2-RSPL
NHS2-SE7M,CCMCnort2775,CCMC1,Lullaby,CCMC1-Lullaby,,,,,,,NHS2-SE7M
NHS2-RCVU,CCMCnort2795,CCMC1,Procession,CCMC1-Procession,,,,,,,NHS2-RCVU
NHS2-BBPJ,CCMCnort2935,CCMC1,Dance,CCMC1-Dance,,,,,,,NHS2-BBPJ
NHS2-ED96,CCMCnort2935,CCMC1,Dance,CCMC1-Dance,,,,,,,NHS2-ED96
NHS2-FLYQ,CCMCnort2935,CCMC1,Mourning,CCMC1-Mourning,,,,,,,NHS2-FLYQ
NHS2-404H,CCMCnort2943,CCMC1,Dance,CCMC1-Dance,,,,,,,NHS2-404H
NHS2-JNHY,CCMCnort2943,CCMC1,Story,CCMC1-Story,,,,,,,NHS2-JNHY
NHS2-M7UO,CCMCnort2961,CCMC1,Healing,CCMC1-Healing,,,,,,,NHS2-M7UO
NHS2-5BTW,CCMCnort2972,CCMC1,Healing,CCMC1-Healing,,,,,,,NHS2-5BTW
NHS2-KSRM,CCMCnort2972,CCMC1,Healing,CCMC1-Healing,,,,,,,NHS2-KSRM
NHS2-XU3K,CCMCnort3139,CCMC1,Mourning,CCMC1-Mourning,,,,,,,NHS2-XU3K
NHS2-ZU2O,CCMCnort3139,CCMC1,Mourning,CCMC1-Mourning,,,,,,,NHS2-ZU2O
NHS2-Z6NC,CCMCnort3233,CCMC1,Lullaby,CCMC1-Lullaby,,,,,,,NHS2-Z6NC
NHS2-M2GB,CCMCnorw1258,CCMC1,Dance,CCMC1-Dance,,,,,,,NHS2-M2GB
NHS2-GT5R,CCMCnorw1258,CCMC1,Lullaby,CCMC1-Lullaby,,,,,,,NHS2-GT5R
NHS2-NOHR,CCMCnorw1258,CCMC1,Lullaby,CCMC1-Lullaby,,,,,,,NHS2-NOHR
NHS2-YJ7K,CCMCnorw1258,CCMC1,Lullaby,CCMC1-Lullaby,,,,,,,NHS2-YJ7K
NHS2-KLEM,CCMCnorw1258,CCMC1,Mourning,CCMC1-Mourning,,,,,,,NHS2-KLEM
NHS2-AN4C,CCMCnorw1258,CCMC1,Story,CCMC1-Story,,,,,,,NHS2-AN4C
NHS2-W3XP,CCMCnorw1258,CCMC1,Work,CCMC1-Work,,,,,,,NHS2-W3XP
NHS2-18M3,CCMCnsen1242,CCMC1,Lullaby,CCMC1-Lullaby,,,,,,,NHS2-18M3
NHS2-KR0Z,CCMCnsen1242,CCMC1,Mourning,CCMC1-Mourning,,,,,,,NHS2-KR0Z
NHS2-XAH8,CCMCnsen1242,CCMC1,Mourning,CCMC1-Mourning,,,,,,,NHS2-XAH8
NHS2-15NH,CCMCnsen1242,CCMC1,Work,CCMC1-Work,,,,,,,NHS2-15NH
NHS2-R269,CCMCnsen1242,CCMC1,Work,CCMC1-Work,,,,,,,NHS2-R269
NHS2-W0KE,CCMCnubi1251,CCMC1,Love,CCMC1-Love,,,,,,,NHS2-W0KE
NHS2-LCV6,CCMCnucl1235,CCMC1,Dance,CCMC1-Dance,,,,,,,NHS2-LCV6
NHS2-XQPR,CCMCnucl1235,CCMC1,Dance,CCMC1-Dance,,,,,,,NHS2-XQPR
NHS2-OW5R,CCMCnucl1235,CCMC1,Love,CCMC1-Love,,,,,,,NHS2-OW5R
NHS2-PBI3,CCMCnucl1235,CCMC1,Love,CCMC1-Love,,,,,,,NHS2-PBI3
NHS2-SIVT,CCMCnucl1301,CCMC1,Dance,CCMC1-Dance,,,,,,,NHS2-SIVT
NHS2-A57S,CCMCnucl1302,CCMC1,Dance,CCMC1-Dance,,,,,,,NHS2-A57S
NHS2-P36L,CCMCnucl1302,CCMC1,Dance,CCMC1-Dance,,,,,,,NHS2-P36L
NHS2-43S3,CCMCnucl1302,CCMC1,Healing,CCMC1-Healing,,,,,,,NHS2-43S3
NHS2-AMLT,CCMCnucl1302,CCMC1,Healing,CCMC1-Healing,,,,,,,NHS2-AMLT
NHS2-IOK8,CCMCnucl1302,CCMC1,Healing,CCMC1-Healing,,,,,,,NHS2-IOK8
NHS2-46GT,CCMCnucl1302,CCMC1,Love,CCMC1-Love,,,,,,,NHS2-46GT
NHS2-FY2K,CCMCnucl1302,CCMC1,Love,CCMC1-Love,,,,,,,NHS2-FY2K
NHS2-OFQP,CCMCnucl1302,CCMC1,Lullaby,CCMC1-Lullaby,,,,,,,NHS2-OFQP
NHS2-1WCG,CCMCnucl1302,CCMC1,Mourning,CCMC1-Mourning,,,,,,,NHS2-1WCG
NHS2-6NQQ,CCMCnucl1302,CCMC1,Mourning,CCMC1-Mourning,,,,,,,NHS2-6NQQ
NHS2-JZ6W,CCMCnucl1302,CCMC1,Praise,CCMC1-Praise,,,,,,,NHS2-JZ6W
NHS2-KEYP,CCMCnucl1302,CCMC1,Procession,CCMC1-Procession,,,,,,,NHS2-KEYP
NHS2-M0AP,CCMCnucl1302,CCMC1,Story,CCMC1-Story,,,,,,,NHS2-M0AP
NHS2-1E7A,CCMCnucl1302,CCMC1,Work,CCMC1-Work,,,,,,,NHS2-1E7A
NHS2-HDCR,CCMCnucl1302,CCMC1,Work,CCMC1-Work,,,,,,,NHS2-HDCR
NHS2-SHDA,CCMCnucl1302,CCMC1,Work,CCMC1-Work,,,,,,,NHS2-SHDA
NHS2-TNEF,CCMCnucl1302,CCMC1,Work,CCMC1-Work,,,,,,,NHS2-TNEF
NHS2-WVCH,CCMCnucl1302,CCMC1,Work,CCMC1-Work,,,,,,,NHS2-WVCH
NHS2-1GVP,CCMCnucl1310,CCMC1,Praise,CCMC1-Praise,,,,,,,NHS2-1GVP
NHS2-SGKE,CCMCnucl1347,CCMC1,Praise,CCMC1-Praise,,,,,,,NHS2-SGKE
NHS2-Z178,CCMCnucl1643,CCMC1,Dance,CCMC1-Dance,,,,,,,NHS2-Z178
NHS2-PFF9,CCMCnucl1643,CCMC1,Love,CCMC1-Love,,,,,,,NHS2-PFF9
NHS2-XD70,CCMCnucl1643,CCMC1,Play,CCMC1-Play,,,,,,,NHS2-XD70
NHS2-BLC6,CCMCnucl1643,CCMC1,Story,CCMC1-Story,,,,,,,NHS2-BLC6
NHS2-7XOX,CCMCnucl1643,CCMC1,Work,CCMC1-Work,,,,,,,NHS2-7XOX
NHS2-Z83P,CCMCnucl1643,CCMC1,Work,CCMC1-Work,,,,,,,NHS2-Z83P
NHS2-SIW1,CCMCnucl1649,CCMC1,Lullaby,CCMC1-Lullaby,,,,,,,NHS2-SIW1
NHS2-706E,CCMCnucl1667,CCMC1,Mourning,CCMC1-Mourning,,,,,,,NHS2-706E
NHS2-VX6K,CCMCnuuc1236,CCMC1,Dance,CCMC1-Dance,,,,,,,NHS2-VX6K
NHS2-7XBW,CCMCnyan1308,CCMC1,Lullaby,CCMC1-Lullaby,,,,,,,NHS2-7XBW
NHS2-Y6R3,CCMCnyan1308,CCMC1,Play,CCMC1-Play,,,,,,,NHS2-Y6R3
NHS2-I71D,CCMCnyan1308,CCMC1,Procession,CCMC1-Procession,,,,,,,NHS2-I71D
NHS2-F8W7,CCMCnyan1315,CCMC1,Lullaby,CCMC1-Lullaby,,,,,,,NHS2-F8W7
NHS2-9ZG2,CCMCojib1241,CCMC1,Dance,CCMC1-Dance,,,,,,,NHS2-9ZG2
NHS2-4KJ4,CCMCokin1245,CCMC1,Love,CCMC1-Love,,,,,,,NHS2-4KJ4
NHS2-P4RY,CCMColoo1241,CCMC1,Healing,CCMC1-Healing,,,,,,,NHS2-P4RY
NHS2-GAOV,CCMConaa1245,CCMC1,Dance,CCMC1-Dance,,,,,,,NHS2-GAOV
NHS2-GL6J,CCMConaa1245,CCMC1,Healing,CCMC1-Healing,,,,,,,NHS2-GL6J
NHS2-SPEE,CCMConaa1245,CCMC1,Lullaby,CCMC1-Lullaby,,,,,,,NHS2-SPEE
NHS2-9HLO,CCMConaa1245,CCMC1,Mourning,CCMC1-Mourning,,,,,,,NHS2-9HLO
NHS2-B94G,CCMConaa1245,CCMC1,Mourning,CCMC1-Mourning,,,,,,,NHS2-B94G
NHS2-HWFE,CCMConaa1245,CCMC1,Mourning,CCMC1-Mourning,,,,,,,NHS2-HWFE
NHS2-IZJ7,CCMConaa1245,CCMC1,Mourning,CCMC1-Mourning,,,,,,,NHS2-IZJ7
NHS2-TVDK,CCMConei1249,CCMC1,Story,CCMC1-Story,,,,,,,NHS2-TVDK
NHS2-12A9,CCMConon1246,CCMC1,Dance,CCMC1-Dance,,,,,,,NHS2-12A9
NHS2-JM0N,CCMCosse1245,CCMC1,Dance,CCMC1-Dance,,,,,,,NHS2-JM0N
NHS2-WBRK,CCMCpaiw1248,CCMC1,Procession,CCMC1-Procession,,,,,,,NHS2-WBRK
NHS2-ZO18,CCMCpala1344,CCMC1,Mourning,CCMC1-Mourning,,,,,,,NHS2-ZO18
NHS2-2EKA,CCMCpala1344,CCMC1,Praise,CCMC1-Praise,,,,,,,NHS2-2EKA
NHS2-8D26,CCMCpala1354,CCMC1,Love,CCMC1-Love,,,,,,,NHS2-8D26
NHS2-LQEP,CCMCpala1354,CCMC1,Story,CCMC1-Story,,,,,,,NHS2-LQEP
NHS2-BCPU,CCMCpali1279,CCMC1,Dance,CCMC1-Dance,,,,,,,NHS2-BCPU
NHS2-7SRW,CCMCpara1319,CCMC1,Love,CCMC1-Love,,,,,,,NHS2-7SRW
NHS2-KHKQ,CCMCpari1256,CCMC1,Mourning,CCMC1-Mourning,,,,,,,NHS2-KHKQ
NHS2-3LYX,CCMCpash1269,CCMC1,Love,CCMC1-Love,,,,,,,NHS2-3LYX
NHS2-RDF4,CCMCpash1269,CCMC1,Story,CCMC1-Story,,,,,,,NHS2-RDF4
NHS2-WY88,CCMCpawn1254,CCMC1,Healing,CCMC1-Healing,,,,,,,NHS2-WY88
NHS2-EYBO,CCMCpawn1254,CCMC1,Love,CCMC1-Love,,,,,,,NHS2-EYBO
NHS2-KBLR,CCMCpawn1254,CCMC1,Story,CCMC1-Story,,,,,,,NHS2-KBLR
NHS2-DGJS,CCMCphen1239,CCMC1,Work,CCMC1-Work,,,,,,,NHS2-DGJS
NHS2-0OA3,CCMCpiar1243,CCMC1,Work,CCMC1-Work,,,,,,,NHS2-0OA3
NHS2-BX0P,CCMCpieg1239,CCMC1,Healing,CCMC1-Healing,,,,,,,NHS2-BX0P
NHS2-GNQV,CCMCpiem1238,CCMC1,Lullaby,CCMC1-Lullaby,,,,,,,NHS2-GNQV
NHS2-SF43,CCMCpipi1250,CCMC1,Dance,CCMC1-Dance,,,,,,,NHS2-SF43
NHS2-D455,CCMCpitj1243,CCMC1,Dance,CCMC1-Dance,,,,,,,NHS2-D455
NHS2-EIPU,CCMCpitj1243,CCMC1,Praise,CCMC1-Praise,,,,,,,NHS2-EIPU
NHS2-G6Z0,CCMCpitj1243,CCMC1,Praise,CCMC1-Praise,,,,,,,NHS2-G6Z0
NHS2-L177,CCMCpoke1238,CCMC1,Mourning,CCMC1-Mourning,,,,,,,NHS2-L177
NHS2-E7QN,CCMCpoke1238,CCMC1,Work,CCMC1-Work,,,,,,,NHS2-E7QN
NHS2-G82R,CCMCpoli1260,CCMC1,Dance,CCMC1-Dance,,,,,,,NHS2-G82R
NHS2-613U,CCMCport1283,CCMC1,Dance,CCMC1-Dance,,,,,,,NHS2-613U
NHS2-56CV,CCMCport1283,CCMC1,Healing,CCMC1-Healing,,,,,,,NHS2-56CV
NHS2-ALKM,CCMCport1283,CCMC1,Healing,CCMC1-Healing,,,,,,,NHS2-ALKM
NHS2-F57Y,CCMCport1283,CCMC1,Healing,CCMC1-Healing,,,,,,,NHS2-F57Y
NHS2-GBI2,CCMCport1283,CCMC1,Mourning,CCMC1-Mourning,,,,,,,NHS2-GBI2
NHS2-R4RL,CCMCport1283,CCMC1,Praise,CCMC1-Praise,,,,,,,NHS2-R4RL
NHS2-E9PI,CCMCport1283,CCMC1,Procession,CCMC1-Procession,,,,,,,NHS2-E9PI
NHS2-ERIP,CCMCport1283,CCMC1,Procession,CCMC1-Procession,,,,,,,NHS2-ERIP
NHS2-G35E,CCMCport1283,CCMC1,Procession,CCMC1-Procession,,,,,,,NHS2-G35E
NHS2-PC3P,CCMCport1283,CCMC1,Procession,CCMC1-Procession,,,,,,,NHS2-PC3P
NHS2-0CKA,CCMCport1283,CCMC1,Work,CCMC1-Work,,,,,,,NHS2-0CKA
NHS2-1GHP,CCMCport1283,CCMC1,Work,CCMC1-Work,,,,,,,NHS2-1GHP
NHS2-42SL,CCMCpume1238,CCMC1,Healing,CCMC1-Healing,,,,,,,NHS2-42SL
NHS2-B3BI,CCMCpura1257,CCMC1,Work,CCMC1-Work,,,,,,,NHS2-B3BI
NHS2-0CO2,CCMCpure1242,CCMC1,Love,CCMC1-Love,,,,,,,NHS2-0CO2
NHS2-2C5Q,CCMCpure1242,CCMC1,Love,CCMC1-Love,,,,,,,NHS2-2C5Q
NHS2-3XWB,CCMCpure1242,CCMC1,Love,CCMC1-Love,,,,,,,NHS2-3XWB
NHS2-0NMW,CCMCpure1242,CCMC1,Praise,CCMC1-Praise,,,,,,,NHS2-0NMW
NHS2-QKS7,CCMCpuyu1239,CCMC1,Work,CCMC1-Work,,,,,,,NHS2-QKS7
NHS2-SAZD,CCMCpuyu1239,CCMC1,Work,CCMC1-Work,,,,,,,NHS2-SAZD
NHS2-1DCV,CCMCqawa1238,CCMC1,Love,CCMC1-Love,,,,,,,NHS2-1DCV
NHS2-VDWK,CCMCqawa1238,CCMC1,Love,CCMC1-Love,,,,,,,NHS2-VDWK
NHS2-1I26,CCMCqawa1238,CCMC1,Lullaby,CCMC1-Lullaby,,,,,,,NHS2-1I26
NHS2-DI16,CCMCqawa1238,CCMC1,Play,CCMC1-Play,,,,,,,NHS2-DI16
NHS2-ZONP,CCMCqawa1238,CCMC1,Play,CCMC1-Play,,,,,,,NHS2-ZONP
NHS2-WAGM,CCMCqawa1238,CCMC1,Story,CCMC1-Story,,,,,,,NHS2-WAGM
NHS2-8J4L,CCMCquec1382,CCMC1,Healing,CCMC1-Healing,,,,,,,NHS2-8J4L
NHS2-VDT8,CCMCraro1241,CCMC1,Story,CCMC1-Story,,,,,,,NHS2-VDT8
NHS2-5NE5,CCMCraro1242,CCMC1,Story,CCMC1-Story,,,,,,,NHS2-5NE5
NHS2-HOCY,CCMCroma1327,CCMC1,Dance,CCMC1-Dance,,,,,,,NHS2-HOCY
NHS2-4KE5,CCMCroma1327,CCMC1,Mourning,CCMC1-Mourning,,,,,,,NHS2-4KE5
NHS2-9RD9,CCMCroma1327,CCMC1,Mourning,CCMC1-Mourning,,,,,,,NHS2-9RD9
NHS2-ALI7,CCMCroma1327,CCMC1,Mourning,CCMC1-Mourning,,,,,,,NHS2-ALI7
NHS2-M2TH,CCMCroma1327,CCMC1,Mourning,CCMC1-Mourning,,,,,,,NHS2-M2TH
NHS2-YG87,CCMCroma1327,CCMC1,Mourning,CCMC1-Mourning,,,,,,,NHS2-YG87
NHS2-BZJ0,CCMCroma1327,CCMC1,Procession,CCMC1-Procession,,,,,,,NHS2-BZJ0
NHS2-SDPZ,CCMCroma1327,CCMC1,Story,CCMC1-Story,,,,,,,NHS2-SDPZ
NHS2-506Y,CCMCruka1240,CCMC1,Love,CCMC1-Love,,,,,,,NHS2-506Y
NHS2-06FQ,CCMCruss1263,CCMC1,Dance,CCMC1-Dance,,,,,,,NHS2-06FQ
NHS2-AO12,CCMCruss1263,CCMC1,Dance,CCMC1-Dance,,,,,,,NHS2-AO12
NHS2-NA1E,CCMCruss1263,CCMC1,Healing,CCMC1-Healing,,,,,,,NHS2-NA1E
NHS2-7TL9,CCMCruss1263,CCMC1,Love,CCMC1-Love,,,,,,,NHS2-7TL9
NHS2-EOY7,CCMCruss1263,CCMC1,Love,CCMC1-Love,,,,,,,NHS2-EOY7
NHS2-5S2Y,CCMCruss1263,CCMC1,Lullaby,CCMC1-Lullaby,,,,,,,NHS2-5S2Y
NHS2-UBTJ,CCMCruss1263,CCMC1,Lullaby,CCMC1-Lullaby,,,,,,,NHS2-UBTJ
NHS2-4IIR,CCMCruss1263,CCMC1,Mourning,CCMC1-Mourning,,,,,,,NHS2-4IIR
NHS2-1C8B,CCMCruss1263,CCMC1,Play,CCMC1-Play,,,,,,,NHS2-1C8B
NHS2-FMYE,CCMCruss1263,CCMC1,Play,CCMC1-Play,,,,,,,NHS2-FMYE
NHS2-UY25,CCMCruss1263,CCMC1,Play,CCMC1-Play,,,,,,,NHS2-UY25
NHS2-10S6,CCMCruss1263,CCMC1,Procession,CCMC1-Procession,,,,,,,NHS2-10S6
NHS2-RNFL,CCMCruss1263,CCMC1,Procession,CCMC1-Procession,,,,,,,NHS2-RNFL
NHS2-VLYL,CCMCruss1263,CCMC1,Story,CCMC1-Story,,,,,,,NHS2-VLYL
NHS2-ZVHE,CCMCruss1263,CCMC1,Work,CCMC1-Work,,,,,,,NHS2-ZVHE
NHS2-1MJA,CCMCruss1264,CCMC1,Dance,CCMC1-Dance,,,,,,,NHS2-1MJA
NHS2-AJ1X,CCMCruss1264,CCMC1,Play,CCMC1-Play,,,,,,,NHS2-AJ1X
NHS2-Q6FQ,CCMCsaam1281,CCMC1,Lullaby,CCMC1-Lullaby,,,,,,,NHS2-Q6FQ
NHS2-DL2Z,CCMCsain1246,CCMC1,Dance,CCMC1-Dance,,,,,,,NHS2-DL2Z
NHS2-18X6,CCMCsamo1305,CCMC1,Dance,CCMC1-Dance,,,,,,,NHS2-18X6
NHS2-JRP2,CCMCsamo1305,CCMC1,Healing,CCMC1-Healing,,,,,,,NHS2-JRP2
NHS2-4RW7,CCMCsamo1305,CCMC1,Lullaby,CCMC1-Lullaby,,,,,,,NHS2-4RW7
NHS2-5NO3,CCMCsamo1305,CCMC1,Lullaby,CCMC1-Lullaby,,,,,,,NHS2-5NO3
NHS2-8QYQ,CCMCsamo1305,CCMC1,Lullaby,CCMC1-Lullaby,,,,,,,NHS2-8QYQ
NHS2-CP78,CCMCsamo1305,CCMC1,Lullaby,CCMC1-Lullaby,,,,,,,NHS2-CP78
NHS2-R06P,CCMCsamo1305,CCMC1,Lullaby,CCMC1-Lullaby,,,,,,,NHS2-R06P
NHS2-RP29,CCMCsamo1305,CCMC1,Lullaby,CCMC1-Lullaby,,,,,,,NHS2-RP29
NHS2-V2UK,CCMCsamo1305,CCMC1,Play,CCMC1-Play,,,,,,,NHS2-V2UK
NHS2-1BBL,CCMCsamo1305,CCMC1,Praise,CCMC1-Praise,,,,,,,NHS2-1BBL
NHS2-445H,CCMCsamo1305,CCMC1,Praise,CCMC1-Praise,,,,,,,NHS2-445H
NHS2-VRUD,CCMCsamo1305,CCMC1,Praise,CCMC1-Praise,,,,,,,NHS2-VRUD
NHS2-IE0N,CCMCsana1297,CCMC1,Story,CCMC1-Story,,,,,,,NHS2-IE0N
NHS2-3H55,CCMCsanb1242,CCMC1,Healing,CCMC1-Healing,,,,,,,NHS2-3H55
NHS2-PX6B,CCMCsanb1242,CCMC1,Healing,CCMC1-Healing,,,,,,,NHS2-PX6B
NHS2-2KUR,CCMCsanb1242,CCMC1,Lullaby,CCMC1-Lullaby,,,,,,,NHS2-2KUR
NHS2-7HG1,CCMCsanb1242,CCMC1,Lullaby,CCMC1-Lullaby,,,,,,,NHS2-7HG1
NHS2-E1MN,CCMCsanb1242,CCMC1,Lullaby,CCMC1-Lullaby,,,,,,,NHS2-E1MN
NHS2-4ZIM,CCMCsara1340,CCMC1,Dance,CCMC1-Dance,,,,,,,NHS2-4ZIM
NHS2-1EIA,CCMCsara1340,CCMC1,Story,CCMC1-Story,,,,,,,NHS2-1EIA
NHS2-S7PH,CCMCsara1340,CCMC1,Story,CCMC1-Story,,,,,,,NHS2-S7PH
NHS2-XNFH,CCMCsara1340,CCMC1,Story,CCMC1-Story,,,,,,,NHS2-XNFH
NHS2-KZ4O,CCMCsara1340,CCMC1,Work,CCMC1-Work,,,,,,,NHS2-KZ4O
NHS2-0ZIH,CCMCsard1257,CCMC1,Love,CCMC1-Love,,,,,,,NHS2-0ZIH
NHS2-6BT9,CCMCsard1257,CCMC1,Love,CCMC1-Love,,,,,,,NHS2-6BT9
NHS2-AOJA,CCMCsard1257,CCMC1,Love,CCMC1-Love,,,,,,,NHS2-AOJA
NHS2-ELN7,CCMCscot1245,CCMC1,Dance,CCMC1-Dance,,,,,,,NHS2-ELN7
NHS2-719E,CCMCscot1245,CCMC1,Love,CCMC1-Love,,,,,,,NHS2-719E
NHS2-L24F,CCMCscot1245,CCMC1,Lullaby,CCMC1-Lullaby,,,,,,,NHS2-L24F
NHS2-PUMI,CCMCscot1245,CCMC1,Lullaby,CCMC1-Lullaby,,,,,,,NHS2-PUMI
NHS2-TMH3,CCMCscot1245,CCMC1,Praise,CCMC1-Praise,,,,,,,NHS2-TMH3
NHS2-YXHK,CCMCselk1253,CCMC1,Love,CCMC1-Love,,,,,,,NHS2-YXHK
NHS2-179A,CCMCsene1264,CCMC1,Dance,CCMC1-Dance,,,,,,,NHS2-179A
NHS2-PC0R,CCMCsene1264,CCMC1,Dance,CCMC1-Dance,,,,,,,NHS2-PC0R
NHS2-PCBC,CCMCsene1264,CCMC1,Dance,CCMC1-Dance,,,,,,,NHS2-PCBC
NHS2-2OQH,CCMCsene1264,CCMC1,Healing,CCMC1-Healing,,,,,,,NHS2-2OQH
NHS2-7HRT,CCMCsene1264,CCMC1,Healing,CCMC1-Healing,,,,,,,NHS2-7HRT
NHS2-5C46,CCMCsene1264,CCMC1,Mourning,CCMC1-Mourning,,,,,,,NHS2-5C46
NHS2-KQ7F,CCMCsene1264,CCMC1,Praise,CCMC1-Praise,,,,,,,NHS2-KQ7F
NHS2-XJDQ,CCMCsene1264,CCMC1,Procession,CCMC1-Procession,,,,,,,NHS2-XJDQ
NHS2-K1GM,CCMCseng1277,CCMC1,Dance,CCMC1-Dance,,,,,,,NHS2-K1GM
NHS2-U16R,CCMCsepi1257,CCMC1,Healing,CCMC1-Healing,,,,,,,NHS2-U16R
NHS2-HHEG,CCMCsera1259,CCMC1,Praise,CCMC1-Praise,,,,,,,NHS2-HHEG
NHS2-DKIW,CCMCsera1259,CCMC1,Story,CCMC1-Story,,,,,,,NHS2-DKIW
NHS2-9F2W,CCMCserb1264,CCMC1,Dance,CCMC1-Dance,,,,,,,NHS2-9F2W
NHS2-FSAQ,CCMCserb1264,CCMC1,Love,CCMC1-Love,,,,,,,NHS2-FSAQ
NHS2-7H7E,CCMCserb1264,CCMC1,Mourning,CCMC1-Mourning,,,,,,,NHS2-7H7E
NHS2-78JU,CCMCserb1264,CCMC1,Procession,CCMC1-Procession,,,,,,,NHS2-78JU
NHS2-ZHRT,CCMCserb1264,CCMC1,Procession,CCMC1-Procession,,,,,,,NHS2-ZHRT
NHS2-KPUS,CCMCserb1264,CCMC1,Work,CCMC1-Work,,,,,,,NHS2-KPUS
NHS2-6WJ2,CCMCseri1257,CCMC1,Healing,CCMC1-Healing,,,,,,,NHS2-6WJ2
NHS2-U27X,CCMCseri1257,CCMC1,Lullaby,CCMC1-Lullaby,,,,,,,NHS2-U27X
NHS2-S33R,CCMCseri1257,CCMC1,Procession,CCMC1-Procession,,,,,,,NHS2-S33R
NHS2-9P04,CCMCship1254,CCMC1,Lullaby,CCMC1-Lullaby,,,,,,,NHS2-9P04
NHS2-1G5V,CCMCshua1257,CCMC1,Healing,CCMC1-Healing,,,,,,,NHS2-1G5V
NHS2-V8OE,CCMCshua1257,CCMC1,Lullaby,CCMC1-Lullaby,,,,,,,NHS2-V8OE
NHS2-M00Z,CCMCshug1248,CCMC1,Praise,CCMC1-Praise,,,,,,,NHS2-M00Z
NHS2-JGOO,CCMCsici1248,CCMC1,Praise,CCMC1-Praise,,,,,,,NHS2-JGOO
NHS2-8SSJ,CCMCsiks1238,CCMC1,Dance,CCMC1-Dance,,,,,,,NHS2-8SSJ
NHS2-JC95,CCMCsiks1238,CCMC1,Lullaby,CCMC1-Lullaby,,,,,,,NHS2-JC95
NHS2-CY4T,CCMCslov1268,CCMC1,Play,CCMC1-Play,,,,,,,NHS2-CY4T
NHS2-HELI,CCMCslov1269,CCMC1,Love,CCMC1-Love,,,,,,,NHS2-HELI
NHS2-U904,CCMCsoga1242,CCMC1,Play,CCMC1-Play,,,,,,,NHS2-U904
NHS2-AFQQ,CCMCsora1254,CCMC1,Dance,CCMC1-Dance,,,,,,,NHS2-AFQQ
NHS2-AXMQ,CCMCsora1254,CCMC1,Healing,CCMC1-Healing,,,,,,,NHS2-AXMQ
NHS2-55W8,CCMCsora1254,CCMC1,Praise,CCMC1-Praise,,,,,,,NHS2-55W8
NHS2-L9OE,CCMCsora1254,CCMC1,Praise,CCMC1-Praise,,,,,,,NHS2-L9OE
NHS2-J22Q,CCMCsora1254,CCMC1,Story,CCMC1-Story,,,,,,,NHS2-J22Q
NHS2-LYTO,CCMCsora1254,CCMC1,Story,CCMC1-Story,,,,,,,NHS2-LYTO
NHS2-WXJ5,CCMCsora1254,CCMC1,Work,CCMC1-Work,,,,,,,NHS2-WXJ5
NHS2-PASM,CCMCsout2674,CCMC1,Dance,CCMC1-Dance,,,,,,,NHS2-PASM
NHS2-UJ4Z,CCMCsout2807,CCMC1,Lullaby,CCMC1-Lullaby,,,,,,,NHS2-UJ4Z
NHS2-ZRPA,CCMCsout2807,CCMC1,Work,CCMC1-Work,,,,,,,NHS2-ZRPA
NHS2-6NC7,CCMCsout2866,CCMC1,Play,CCMC1-Play,,,,,,,NHS2-6NC7
NHS2-GKCY,CCMCsout2866,CCMC1,Play,CCMC1-Play,,,,,,,NHS2-GKCY
NHS2-IVGT,CCMCsout2866,CCMC1,Play,CCMC1-Play,,,,,,,NHS2-IVGT
NHS2-8NAB,CCMCsout2866,CCMC1,Procession,CCMC1-Procession,,,,,,,NHS2-8NAB
NHS2-4KKI,CCMCsout2922,CCMC1,Healing,CCMC1-Healing,,,,,,,NHS2-4KKI
NHS2-4H1R,CCMCsout2991,CCMC1,Procession,CCMC1-Procession,,,,,,,NHS2-4H1R
NHS2-AEWX,CCMCsout2996,CCMC1,Praise,CCMC1-Praise,,,,,,,NHS2-AEWX
NHS2-CCP4,CCMCsout2996,CCMC1,Praise,CCMC1-Praise,,,,,,,NHS2-CCP4
NHS2-085Q,CCMCsout2996,CCMC1,Procession,CCMC1-Procession,,,,,,,NHS2-085Q
NHS2-FVGG,CCMCsout2996,CCMC1,Procession,CCMC1-Procession,,,,,,,NHS2-FVGG
NHS2-S48T,CCMCsout2996,CCMC1,Procession,CCMC1-Procession,,,,,,,NHS2-S48T
NHS2-BHB2,CCMCsout3184,CCMC1,Dance,CCMC1-Dance,,,,,,,NHS2-BHB2
NHS2-3GZM,CCMCstan1288,CCMC1,Dance,CCMC1-Dance,,,,,,,NHS2-3GZM
NHS2-5B0Y,CCMCstan1288,CCMC1,Dance,CCMC1-Dance,,,,,,,NHS2-5B0Y
NHS2-BCK7,CCMCstan1288,CCMC1,Dance,CCMC1-Dance,,,,,,,NHS2-BCK7
NHS2-HRC7,CCMCstan1288,CCMC1,Love,CCMC1-Love,,,,,,,NHS2-HRC7
NHS2-JL5D,CCMCstan1288,CCMC1,Love,CCMC1-Love,,,,,,,NHS2-JL5D
NHS2-60XM,CCMCstan1288,CCMC1,Lullaby,CCMC1-Lullaby,,,,,,,NHS2-60XM
NHS2-9BBS,CCMCstan1288,CCMC1,Lullaby,CCMC1-Lullaby,,,,,,,NHS2-9BBS
NHS2-FG2C,CCMCstan1288,CCMC1,Lullaby,CCMC1-Lullaby,,,,,,,NHS2-FG2C
NHS2-J69Y,CCMCstan1288,CCMC1,Lullaby,CCMC1-Lullaby,,,,,,,NHS2-J69Y
NHS2-MSYE,CCMCstan1288,CCMC1,Lullaby,CCMC1-Lullaby,,,,,,,NHS2-MSYE
NHS2-PB4T,CCMCstan1288,CCMC1,Lullaby,CCMC1-Lullaby,,,,,,,NHS2-PB4T
NHS2-X1WQ,CCMCstan1288,CCMC1,Lullaby,CCMC1-Lullaby,,,,,,,NHS2-X1WQ
NHS2-Z96V,CCMCstan1288,CCMC1,Lullaby,CCMC1-Lullaby,,,,,,,NHS2-Z96V
NHS2-ES3W,CCMCstan1288,CCMC1,Mourning,CCMC1-Mourning,,,,,,,NHS2-ES3W
NHS2-2YCF,CCMCstan1288,CCMC1,Play,CCMC1-Play,,,,,,,NHS2-2YCF
NHS2-4N10,CCMCstan1288,CCMC1,Play,CCMC1-Play,,,,,,,NHS2-4N10
NHS2-58Q4,CCMCstan1288,CCMC1,Play,CCMC1-Play,,,,,,,NHS2-58Q4
NHS2-6B0V,CCMCstan1288,CCMC1,Play,CCMC1-Play,,,,,,,NHS2-6B0V
NHS2-6RXG,CCMCstan1288,CCMC1,Play,CCMC1-Play,,,,,,,NHS2-6RXG
NHS2-EXGU,CCMCstan1288,CCMC1,Play,CCMC1-Play,,,,,,,NHS2-EXGU
NHS2-HMC7,CCMCstan1288,CCMC1,Play,CCMC1-Play,,,,,,,NHS2-HMC7
NHS2-IY3T,CCMCstan1288,CCMC1,Play,CCMC1-Play,,,,,,,NHS2-IY3T
NHS2-K4KN,CCMCstan1288,CCMC1,Play,CCMC1-Play,,,,,,,NHS2-K4KN
NHS2-MLGC,CCMCstan1288,CCMC1,Play,CCMC1-Play,,,,,,,NHS2-MLGC
NHS2-NQLQ,CCMCstan1288,CCMC1,Play,CCMC1-Play,,,,,,,NHS2-NQLQ
NHS2-XC4A,CCMCstan1288,CCMC1,Play,CCMC1-Play,,,,,,,NHS2-XC4A
NHS2-XRSU,CCMCstan1288,CCMC1,Play,CCMC1-Play,,,,,,,NHS2-XRSU
NHS2-YURR,CCMCstan1288,CCMC1,Play,CCMC1-Play,,,,,,,NHS2-YURR
NHS2-5BUU,CCMCstan1288,CCMC1,Praise,CCMC1-Praise,,,,,,,NHS2-5BUU
NHS2-7J2N,CCMCstan1288,CCMC1,Praise,CCMC1-Praise,,,,,,,NHS2-7J2N
NHS2-9TJI,CCMCstan1288,CCMC1,Praise,CCMC1-Praise,,,,,,,NHS2-9TJI
NHS2-AD22,CCMCstan1288,CCMC1,Praise,CCMC1-Praise,,,,,,,NHS2-AD22
NHS2-F27V,CCMCstan1288,CCMC1,Praise,CCMC1-Praise,,,,,,,NHS2-F27V
NHS2-S6AP,CCMCstan1288,CCMC1,Praise,CCMC1-Praise,,,,,,,NHS2-S6AP
NHS2-WLMB,CCMCstan1288,CCMC1,Praise,CCMC1-Praise,,,,,,,NHS2-WLMB
NHS2-ZCTI,CCMCstan1288,CCMC1,Praise,CCMC1-Praise,,,,,,,NHS2-ZCTI
NHS2-VP4E,CCMCstan1288,CCMC1,Procession,CCMC1-Procession,,,,,,,NHS2-VP4E
NHS2-3WPM,CCMCstan1288,CCMC1,Story,CCMC1-Story,,,,,,,NHS2-3WPM
NHS2-4MSG,CCMCstan1288,CCMC1,Story,CCMC1-Story,,,,,,,NHS2-4MSG
NHS2-66UQ,CCMCstan1288,CCMC1,Story,CCMC1-Story,,,,,,,NHS2-66UQ
NHS2-AZDQ,CCMCstan1288,CCMC1,Story,CCMC1-Story,,,,,,,NHS2-AZDQ
NHS2-DW2U,CCMCstan1288,CCMC1,Story,CCMC1-Story,,,,,,,NHS2-DW2U
NHS2-EYN4,CCMCstan1288,CCMC1,Story,CCMC1-Story,,,,,,,NHS2-EYN4
NHS2-ONH7,CCMCstan1288,CCMC1,Story,CCMC1-Story,,,,,,,NHS2-ONH7
NHS2-OS0A,CCMCstan1288,CCMC1,Story,CCMC1-Story,,,,,,,NHS2-OS0A
NHS2-UOE5,CCMCstan1288,CCMC1,Story,CCMC1-Story,,,,,,,NHS2-UOE5
NHS2-KH0L,CCMCstan1290,CCMC1,Dance,CCMC1-Dance,,,,,,,NHS2-KH0L
NHS2-V3L7,CCMCstan1290,CCMC1,Dance,CCMC1-Dance,,,,,,,NHS2-V3L7
NHS2-JDTL,CCMCstan1290,CCMC1,Lullaby,CCMC1-Lullaby,,,,,,,NHS2-JDTL
NHS2-OU7B,CCMCstan1290,CCMC1,Lullaby,CCMC1-Lullaby,,,,,,,NHS2-OU7B
NHS2-ZJ3C,CCMCstan1290,CCMC1,Procession,CCMC1-Procession,,,,,,,NHS2-ZJ3C
NHS2-2PWX,CCMCstan1290,CCMC1,Work,CCMC1-Work,,,,,,,NHS2-2PWX
NHS2-JEDY,CCMCstan1293,CCMC1,Love,CCMC1-Love,,,,,,,NHS2-JEDY
NHS2-YY9J,CCMCstan1293,CCMC1,Love,CCMC1-Love,,,,,,,NHS2-YY9J
NHS2-JYMK,CCMCstan1293,CCMC1,Mourning,CCMC1-Mourning,,,,,,,NHS2-JYMK
NHS2-1PUD,CCMCstan1293,CCMC1,Play,CCMC1-Play,,,,,,,NHS2-1PUD
NHS2-F1L8,CCMCstan1293,CCMC1,Play,CCMC1-Play,,,,,,,NHS2-F1L8
NHS2-J3ZC,CCMCstan1293,CCMC1,Play,CCMC1-Play,,,,,,,NHS2-J3ZC
NHS2-JD8G,CCMCstan1293,CCMC1,Procession,CCMC1-Procession,,,,,,,NHS2-JD8G
NHS2-5IBT,CCMCstan1293,CCMC1,Story,CCMC1-Story,,,,,,,NHS2-5IBT
NHS2-VBI9,CCMCstan1293,CCMC1,Story,CCMC1-Story,,,,,,,NHS2-VBI9
NHS2-3370,CCMCstan1295,CCMC1,Lullaby,CCMC1-Lullaby,,,,,,,NHS2-3370
NHS2-0NL4,CCMCstan1295,CCMC1,Story,CCMC1-Story,,,,,,,NHS2-0NL4
NHS2-QR1J,CCMCstan1295,CCMC1,Work,CCMC1-Work,,,,,,,NHS2-QR1J
NHS2-TTHU,CCMCstan1295,CCMC1,Work,CCMC1-Work,,,,,,,NHS2-TTHU
NHS2-TFM3,CCMCswat1243,CCMC1,Lullaby,CCMC1-Lullaby,,,,,,,NHS2-TFM3
NHS2-R1O0,CCMCswed1254,CCMC1,Dance,CCMC1-Dance,,,,,,,NHS2-R1O0
NHS2-NYZE,CCMCswed1254,CCMC1,Love,CCMC1-Love,,,,,,,NHS2-NYZE
NHS2-HJD6,CCMCswed1254,CCMC1,Play,CCMC1-Play,,,,,,,NHS2-HJD6
NHS2-24OH,CCMCtaji1245,CCMC1,Dance,CCMC1-Dance,,,,,,,NHS2-24OH
NHS2-7M2U,CCMCtaji1245,CCMC1,Love,CCMC1-Love,,,,,,,NHS2-7M2U
NHS2-BPA8,CCMCtaji1245,CCMC1,Love,CCMC1-Love,,,,,,,NHS2-BPA8
NHS2-P7C5,CCMCtaji1245,CCMC1,Love,CCMC1-Love,,,,,,,NHS2-P7C5
NHS2-UJ0X,CCMCtaji1245,CCMC1,Love,CCMC1-Love,,,,,,,NHS2-UJ0X
NHS2-VVZF,CCMCtaji1245,CCMC1,Love,CCMC1-Love,,,,,,,NHS2-VVZF
NHS2-GGHC,CCMCtama1365,CCMC1,Love,CCMC1-Love,,,,,,,NHS2-GGHC
NHS2-IPN6,CCMCtama1365,CCMC1,Love,CCMC1-Love,,,,,,,NHS2-IPN6
NHS2-X86V,CCMCtama1365,CCMC1,Lullaby,CCMC1-Lullaby,,,,,,,NHS2-X86V
NHS2-7RR9,CCMCtami1289,CCMC1,Lullaby,CCMC1-Lullaby,,,,,,,NHS2-7RR9
NHS2-8XAP,CCMCtami1289,CCMC1,Lullaby,CCMC1-Lullaby,,,,,,,NHS2-8XAP
NHS2-LG9Y,CCMCtami1289,CCMC1,Mourning,CCMC1-Mourning,,,,,,,NHS2-LG9Y
NHS2-OX4P,CCMCtami1289,CCMC1,Mourning,CCMC1-Mourning,,,,,,,NHS2-OX4P
NHS2-KEES,CCMCtang1348,CCMC1,Work,CCMC1-Work,,,,,,,NHS2-KEES
NHS2-QUO9,CCMCtawa1289,CCMC1,Praise,CCMC1-Praise,,,,,,,NHS2-QUO9
NHS2-8GIQ,CCMCtebu1238,CCMC1,Lullaby,CCMC1-Lullaby,,,,,,,NHS2-8GIQ
NHS2-4B7D,CCMCtelu1262,CCMC1,Story,CCMC1-Story,,,,,,,NHS2-4B7D
NHS2-KFAU,CCMCtemi1246,CCMC1,Healing,CCMC1-Healing,,,,,,,NHS2-KFAU
NHS2-RJC6,CCMCtemi1246,CCMC1,Healing,CCMC1-Healing,,,,,,,NHS2-RJC6
NHS2-2NZO,CCMCtewa1260,CCMC1,Praise,CCMC1-Praise,,,,,,,NHS2-2NZO
NHS2-JQTW,CCMCtiko1237,CCMC1,Dance,CCMC1-Dance,,,,,,,NHS2-JQTW
NHS2-KIYM,CCMCtiko1237,CCMC1,Dance,CCMC1-Dance,,,,,,,NHS2-KIYM
NHS2-DHAP,CCMCtiko1237,CCMC1,Mourning,CCMC1-Mourning,,,,,,,NHS2-DHAP
NHS2-K16P,CCMCtiko1237,CCMC1,Play,CCMC1-Play,,,,,,,NHS2-K16P
NHS2-6TYM,CCMCtiko1237,CCMC1,Story,CCMC1-Story,,,,,,,NHS2-6TYM
NHS2-T1CP,CCMCtlin1245,CCMC1,Dance,CCMC1-Dance,,,,,,,NHS2-T1CP
NHS2-P426,CCMCtlin1245,CCMC1,Work,CCMC1-Work,,,,,,,NHS2-P426
NHS2-TFXV,CCMCtoda1252,CCMC1,Procession,CCMC1-Procession,,,,,,,NHS2-TFXV
NHS2-0DNB,CCMCtoho1245,CCMC1,Dance,CCMC1-Dance,,,,,,,NHS2-0DNB
NHS2-44DS,CCMCtoho1245,CCMC1,Dance,CCMC1-Dance,,,,,,,NHS2-44DS
NHS2-5W94,CCMCtoho1245,CCMC1,Healing,CCMC1-Healing,,,,,,,NHS2-5W94
NHS2-K39B,CCMCtoho1245,CCMC1,Story,CCMC1-Story,,,,,,,NHS2-K39B
NHS2-WZ7J,CCMCtoho1245,CCMC1,Story,CCMC1-Story,,,,,,,NHS2-WZ7J
NHS2-Y0IQ,CCMCtokp1240,CCMC1,Praise,CCMC1-Praise,,,,,,,NHS2-Y0IQ
NHS2-MG6Y,CCMCtong1325,CCMC1,Dance,CCMC1-Dance,,,,,,,NHS2-MG6Y
NHS2-VXRD,CCMCtong1325,CCMC1,Mourning,CCMC1-Mourning,,,,,,,NHS2-VXRD
NHS2-DTDM,CCMCtong1325,CCMC1,Play,CCMC1-Play,,,,,,,NHS2-DTDM
NHS2-QJ8L,CCMCtong1325,CCMC1,Play,CCMC1-Play,,,,,,,NHS2-QJ8L
NHS2-VZGV,CCMCtong1325,CCMC1,Play,CCMC1-Play,,,,,,,NHS2-VZGV
NHS2-T6S8,CCMCtosk1239,CCMC1,Praise,CCMC1-Praise,,,,,,,NHS2-T6S8
NHS2-W62P,CCMCtosk1239,CCMC1,Praise,CCMC1-Praise,,,,,,,NHS2-W62P
NHS2-DX7L,CCMCtrio1238,CCMC1,Healing,CCMC1-Healing,,,,,,,NHS2-DX7L
NHS2-HKI9,CCMCtshw1239,CCMC1,Healing,CCMC1-Healing,,,,,,,NHS2-HKI9
NHS2-8FCW,CCMCtson1249,CCMC1,Work,CCMC1-Work,,,,,,,NHS2-8FCW
NHS2-3IQ4,CCMCtswa1253,CCMC1,Play,CCMC1-Play,,,,,,,NHS2-3IQ4
NHS2-C5L4,CCMCtswa1253,CCMC1,Play,CCMC1-Play,,,,,,,NHS2-C5L4
NHS2-56CF,CCMCtswa1253,CCMC1,Praise,CCMC1-Praise,,,,,,,NHS2-56CF
NHS2-NPYD,CCMCtswa1253,CCMC1,Praise,CCMC1-Praise,,,,,,,NHS2-NPYD
NHS2-MQEX,CCMCtuar1240,CCMC1,Lullaby,CCMC1-Lullaby,,,,,,,NHS2-MQEX
NHS2-PCMH,CCMCtuar1240,CCMC1,Mourning,CCMC1-Mourning,,,,,,,NHS2-PCMH
NHS2-T2OE,CCMCtumb1250,CCMC1,Play,CCMC1-Play,,,,,,,NHS2-T2OE
NHS2-H187,CCMCtumb1250,CCMC1,Story,CCMC1-Story,,,,,,,NHS2-H187
NHS2-CRJW,CCMCtuni1259,CCMC1,Healing,CCMC1-Healing,,,,,,,NHS2-CRJW
NHS2-SBII,CCMCtupi1276,CCMC1,Lullaby,CCMC1-Lullaby,,,,,,,NHS2-SBII
NHS2-PSEZ,CCMCturk1304,CCMC1,Healing,CCMC1-Healing,,,,,,,NHS2-PSEZ
NHS2-G277,CCMCtuvi1240,CCMC1,Healing,CCMC1-Healing,,,,,,,NHS2-G277
NHS2-2ZO6,CCMCtuvi1240,CCMC1,Lullaby,CCMC1-Lullaby,,,,,,,NHS2-2ZO6
NHS2-0NQ8,CCMCtuvi1240,CCMC1,Mourning,CCMC1-Mourning,,,,,,,NHS2-0NQ8
NHS2-KZJ0,CCMCtuvi1240,CCMC1,Praise,CCMC1-Praise,,,,,,,NHS2-KZJ0
NHS2-P2A1,CCMCtzot1259,CCMC1,Dance,CCMC1-Dance,,,,,,,NHS2-P2A1
NHS2-MGHC,CCMCudmu1245,CCMC1,Dance,CCMC1-Dance,,,,,,,NHS2-MGHC
NHS2-UH4B,CCMCudmu1245,CCMC1,Love,CCMC1-Love,,,,,,,NHS2-UH4B
NHS2-ZHE1,CCMCudmu1245,CCMC1,Lullaby,CCMC1-Lullaby,,,,,,,NHS2-ZHE1
NHS2-17SD,CCMCudmu1245,CCMC1,Mourning,CCMC1-Mourning,,,,,,,NHS2-17SD
NHS2-44OX,CCMCudmu1245,CCMC1,Play,CCMC1-Play,,,,,,,NHS2-44OX
NHS2-YG7G,CCMCuigh1240,CCMC1,Healing,CCMC1-Healing,,,,,,,NHS2-YG7G
NHS2-MWH7,CCMCuigh1240,CCMC1,Love,CCMC1-Love,,,,,,,NHS2-MWH7
NHS2-33X8,CCMCulit1238,CCMC1,Play,CCMC1-Play,,,,,,,NHS2-33X8
NHS2-UDQJ,CCMCulit1238,CCMC1,Praise,CCMC1-Praise,,,,,,,NHS2-UDQJ
NHS2-30HL,CCMCulit1238,CCMC1,Procession,CCMC1-Procession,,,,,,,NHS2-30HL
NHS2-IR7K,CCMCulit1238,CCMC1,Story,CCMC1-Story,,,,,,,NHS2-IR7K
NHS2-D16Y,CCMCulit1238,CCMC1,Work,CCMC1-Work,,,,,,,NHS2-D16Y
NHS2-O2X0,CCMCulit1238,CCMC1,Work,CCMC1-Work,,,,,,,NHS2-O2X0
NHS2-9AU4,CCMCulst1241,CCMC1,Story,CCMC1-Story,,,,,,,NHS2-9AU4
NHS2-LY5K,CCMCulst1241,CCMC1,Story,CCMC1-Story,,,,,,,NHS2-LY5K
NHS2-64UT,CCMCulst1241,CCMC1,Work,CCMC1-Work,,,,,,,NHS2-64UT
NHS2-QE86,CCMCvani1248,CCMC1,Story,CCMC1-Story,,,,,,,NHS2-QE86
NHS2-UO2B,CCMCvend1245,CCMC1,Play,CCMC1-Play,,,,,,,NHS2-UO2B
NHS2-WO9S,CCMCvend1245,CCMC1,Play,CCMC1-Play,,,,,,,NHS2-WO9S
NHS2-JJPZ,CCMCvend1245,CCMC1,Story,CCMC1-Story,,,,,,,NHS2-JJPZ
NHS2-T018,CCMCviet1252,CCMC1,Lullaby,CCMC1-Lullaby,,,,,,,NHS2-T018
NHS2-ET5D,CCMCviet1252,CCMC1,Work,CCMC1-Work,,,,,,,NHS2-ET5D
NHS2-K0S3,CCMCvinc1243,CCMC1,Love,CCMC1-Love,,,,,,,NHS2-K0S3
NHS2-7TO4,CCMCwadj1254,CCMC1,Dance,CCMC1-Dance,,,,,,,NHS2-7TO4
NHS2-0TA2,CCMCwala1272,CCMC1,Love,CCMC1-Love,,,,,,,NHS2-0TA2
NHS2-VP4X,CCMCwall1255,CCMC1,Dance,CCMC1-Dance,,,,,,,NHS2-VP4X
NHS2-HMFN,CCMCwaor1240,CCMC1,Story,CCMC1-Story,,,,,,,NHS2-HMFN
NHS2-XDF4,CCMCwara1303,CCMC1,Love,CCMC1-Love,,,,,,,NHS2-XDF4
NHS2-UXKZ,CCMCwara1303,CCMC1,Lullaby,CCMC1-Lullaby,,,,,,,NHS2-UXKZ
NHS2-FBJU,CCMCwarl1254,CCMC1,Procession,CCMC1-Procession,,,,,,,NHS2-FBJU
NHS2-1O99,CCMCwaya1269,CCMC1,Dance,CCMC1-Dance,,,,,,,NHS2-1O99
NHS2-HXRM,CCMCwaya1269,CCMC1,Dance,CCMC1-Dance,,,,,,,NHS2-HXRM
NHS2-2RHZ,CCMCwaya1269,CCMC1,Healing,CCMC1-Healing,,,,,,,NHS2-2RHZ
NHS2-UWXD,CCMCwaya1269,CCMC1,Love,CCMC1-Love,,,,,,,NHS2-UWXD
NHS2-25NZ,CCMCwaya1269,CCMC1,Praise,CCMC1-Praise,,,,,,,NHS2-25NZ
NHS2-2QZ5,CCMCwayu1243,CCMC1,Lullaby,CCMC1-Lullaby,,,,,,,NHS2-2QZ5
NHS2-1EJJ,CCMCwest2386,CCMC1,Love,CCMC1-Love,,,,,,,NHS2-1EJJ
NHS2-DSTK,CCMCwest2386,CCMC1,Love,CCMC1-Love,,,,,,,NHS2-DSTK
NHS2-UL4E,CCMCwest2458,CCMC1,Healing,CCMC1-Healing,,,,,,,NHS2-UL4E
NHS2-ZW00,CCMCwest2618,CCMC1,Dance,CCMC1-Dance,,,,,,,NHS2-ZW00
NHS2-VXQK,CCMCwest2618,CCMC1,Story,CCMC1-Story,,,,,,,NHS2-VXQK
NHS2-M0QV,CCMCwest2721,CCMC1,Healing,CCMC1-Healing,,,,,,,NHS2-M0QV
NHS2-WQYY,CCMCwest2854,CCMC1,Story,CCMC1-Story,,,,,,,NHS2-WQYY
NHS2-V0ZT,CCMCwich1262,CCMC1,Dance,CCMC1-Dance,,,,,,,NHS2-V0ZT
NHS2-ZLK3,CCMCwich1262,CCMC1,Dance,CCMC1-Dance,,,,,,,NHS2-ZLK3
NHS2-6IKY,CCMCwich1262,CCMC1,Healing,CCMC1-Healing,,,,,,,NHS2-6IKY
NHS2-KESR,CCMCwich1262,CCMC1,Mourning,CCMC1-Mourning,,,,,,,NHS2-KESR
NHS2-PJDT,CCMCwich1262,CCMC1,Mourning,CCMC1-Mourning,,,,,,,NHS2-PJDT
NHS2-A7EF,CCMCwika1238,CCMC1,Mourning,CCMC1-Mourning,,,,,,,NHS2-A7EF
NHS2-8WO9,CCMCwole1240,CCMC1,Healing,CCMC1-Healing,,,,,,,NHS2-8WO9
NHS2-DNTO,CCMCwole1240,CCMC1,Healing,CCMC1-Healing,,,,,,,NHS2-DNTO
NHS2-MZ0X,CCMCwole1240,CCMC1,Healing,CCMC1-Healing,,,,,,,NHS2-MZ0X
NHS2-YWDM,CCMCwole1240,CCMC1,Healing,CCMC1-Healing,,,,,,,NHS2-YWDM
NHS2-945J,CCMCwole1240,CCMC1,Love,CCMC1-Love,,,,,,,NHS2-945J
NHS2-JDU3,CCMCwole1240,CCMC1,Love,CCMC1-Love,,,,,,,NHS2-JDU3
NHS2-RSUK,CCMCwole1240,CCMC1,Love,CCMC1-Love,,,,,,,NHS2-RSUK
NHS2-T3VD,CCMCwole1240,CCMC1,Love,CCMC1-Love,,,,,,,NHS2-T3VD
NHS2-85GU,CCMCwole1240,CCMC1,Mourning,CCMC1-Mourning,,,,,,,NHS2-85GU
NHS2-G3FF,CCMCwole1240,CCMC1,Mourning,CCMC1-Mourning,,,,,,,NHS2-G3FF
NHS2-XTVF,CCMCwole1240,CCMC1,Mourning,CCMC1-Mourning,,,,,,,NHS2-XTVF
NHS2-EVMY,CCMCwole1240,CCMC1,Praise,CCMC1-Praise,,,,,,,NHS2-EVMY
NHS2-FSVL,CCMCwole1240,CCMC1,Praise,CCMC1-Praise,,,,,,,NHS2-FSVL
NHS2-FSYR,CCMCwole1240,CCMC1,Praise,CCMC1-Praise,,,,,,,NHS2-FSYR
NHS2-NH07,CCMCwole1240,CCMC1,Praise,CCMC1-Praise,,,,,,,NHS2-NH07
NHS2-PNXC,CCMCwole1240,CCMC1,Praise,CCMC1-Praise,,,,,,,NHS2-PNXC
NHS2-SI3B,CCMCwole1240,CCMC1,Praise,CCMC1-Praise,,,,,,,NHS2-SI3B
NHS2-UJC0,CCMCwole1240,CCMC1,Praise,CCMC1-Praise,,,,,,,NHS2-UJC0
NHS2-UO3R,CCMCwole1240,CCMC1,Praise,CCMC1-Praise,,,,,,,NHS2-UO3R
NHS2-VAAN,CCMCwole1240,CCMC1,Praise,CCMC1-Praise,,,,,,,NHS2-VAAN
NHS2-YP5F,CCMCwole1240,CCMC1,Praise,CCMC1-Praise,,,,,,,NHS2-YP5F
NHS2-02B5,CCMCwole1240,CCMC1,Story,CCMC1-Story,,,,,,,NHS2-02B5
NHS2-3QA7,CCMCwole1240,CCMC1,Story,CCMC1-Story,,,,,,,NHS2-3QA7
NHS2-HMPO,CCMCwole1240,CCMC1,Story,CCMC1-Story,,,,,,,NHS2-HMPO
NHS2-IEJB,CCMCwole1240,CCMC1,Story,CCMC1-Story,,,,,,,NHS2-IEJB
NHS2-JP5C,CCMCwole1240,CCMC1,Story,CCMC1-Story,,,,,,,NHS2-JP5C
NHS2-W025,CCMCwole1240,CCMC1,Story,CCMC1-Story,,,,,,,NHS2-W025
NHS2-E2BN,CCMCworo1258,CCMC1,Dance,CCMC1-Dance,,,,,,,NHS2-E2BN
NHS2-BATN,CCMCworr1236,CCMC1,Love,CCMC1-Love,,,,,,,NHS2-BATN
NHS2-QFKF,CCMCworr1236,CCMC1,Story,CCMC1-Story,,,,,,,NHS2-QFKF
NHS2-EOE6,CCMCworr1237,CCMC1,Dance,CCMC1-Dance,,,,,,,NHS2-EOE6
NHS2-5D0K,CCMCwuna1249,CCMC1,Story,CCMC1-Story,,,,,,,NHS2-5D0K
NHS2-DJGN,CCMCwuna1249,CCMC1,Story,CCMC1-Story,,,,,,,NHS2-DJGN
NHS2-06LY,CCMCwuzl1236,CCMC1,Dance,CCMC1-Dance,,,,,,,NHS2-06LY
NHS2-V7CJ,CCMCxakr1238,CCMC1,Story,CCMC1-Story,,,,,,,NHS2-V7CJ
NHS2-NI7X,CCMCxhos1239,CCMC1,Dance,CCMC1-Dance,,,,,,,NHS2-NI7X
NHS2-4BXQ,CCMCxhos1239,CCMC1,Love,CCMC1-Love,,,,,,,NHS2-4BXQ
NHS2-8LF0,CCMCxhos1239,CCMC1,Love,CCMC1-Love,,,,,,,NHS2-8LF0
NHS2-59RG,CCMCxhos1239,CCMC1,Lullaby,CCMC1-Lullaby,,,,,,,NHS2-59RG
NHS2-PN13,CCMCxhos1239,CCMC1,Lullaby,CCMC1-Lullaby,,,,,,,NHS2-PN13
NHS2-0Q6G,CCMCxhos1239,CCMC1,Praise,CCMC1-Praise,,,,,,,NHS2-0Q6G
NHS2-UPIC,CCMCxhos1239,CCMC1,Praise,CCMC1-Praise,,,,,,,NHS2-UPIC
NHS2-UELN,CCMCxhos1239,CCMC1,Procession,CCMC1-Procession,,,,,,,NHS2-UELN
NHS2-6JVA,CCMCxhos1239,CCMC1,Work,CCMC1-Work,,,,,,,NHS2-6JVA
NHS2-50PO,CCMCyaka1272,CCMC1,Story,CCMC1-Story,,,,,,,NHS2-50PO
NHS2-NE2L,CCMCyaku1245,CCMC1,Mourning,CCMC1-Mourning,,,,,,,NHS2-NE2L
NHS2-CLZB,CCMCyaku1245,CCMC1,Play,CCMC1-Play,,,,,,,NHS2-CLZB
NHS2-YVEE,CCMCyaku1245,CCMC1,Story,CCMC1-Story,,,,,,,NHS2-YVEE
NHS2-X0I4,CCMCyami1254,CCMC1,Story,CCMC1-Story,,,,,,,NHS2-X0I4
NHS2-OP3Q,CCMCyano1262,CCMC1,Story,CCMC1-Story,,,,,,,NHS2-OP3Q
NHS2-42U2,CCMCyaoo1241,CCMC1,Lullaby,CCMC1-Lullaby,,,,,,,NHS2-42U2
NHS2-5KU4,CCMCyape1248,CCMC1,Dance,CCMC1-Dance,,,,,,,NHS2-5KU4
NHS2-9Y4I,CCMCyape1248,CCMC1,Dance,CCMC1-Dance,,,,,,,NHS2-9Y4I
NHS2-YLEN,CCMCyape1248,CCMC1,Dance,CCMC1-Dance,,,,,,,NHS2-YLEN
NHS2-N13N,CCMCyape1248,CCMC1,Healing,CCMC1-Healing,,,,,,,NHS2-N13N
NHS2-K2OH,CCMCyape1248,CCMC1,Lullaby,CCMC1-Lullaby,,,,,,,NHS2-K2OH
NHS2-JCFF,CCMCyape1248,CCMC1,Procession,CCMC1-Procession,,,,,,,NHS2-JCFF
NHS2-SCB2,CCMCyape1248,CCMC1,Procession,CCMC1-Procession,,,,,,,NHS2-SCB2
NHS2-1SJM,CCMCyape1248,CCMC1,Story,CCMC1-Story,,,,,,,NHS2-1SJM
NHS2-6IWA,CCMCyape1248,CCMC1,Story,CCMC1-Story,,,,,,,NHS2-6IWA
NHS2-EZD1,CCMCyape1248,CCMC1,Work,CCMC1-Work,,,,,,,NHS2-EZD1
NHS2-KOWN,CCMCyape1248,CCMC1,Work,CCMC1-Work,,,,,,,NHS2-KOWN
NHS2-DE8R,CCMCyaqu1251,CCMC1,Dance,CCMC1-Dance,,,,,,,NHS2-DE8R
NHS2-PKDR,CCMCyaqu1251,CCMC1,Dance,CCMC1-Dance,,,,,,,NHS2-PKDR
NHS2-O8KV,CCMCyawa1261,CCMC1,Dance,CCMC1-Dance,,,,,,,NHS2-O8KV
NHS2-K74G,CCMCyawa1261,CCMC1,Healing,CCMC1-Healing,,,,,,,NHS2-K74G
NHS2-A0SS,CCMCyawa1261,CCMC1,Story,CCMC1-Story,,,,,,,NHS2-A0SS
NHS2-BUR0,CCMCyuca1254,CCMC1,Healing,CCMC1-Healing,,,,,,,NHS2-BUR0
NHS2-3EPZ,CCMCyuul1239,CCMC1,Dance,CCMC1-Dance,,,,,,,NHS2-3EPZ
NHS2-KIWV,CCMCyuul1239,CCMC1,Dance,CCMC1-Dance,,,,,,,NHS2-KIWV
NHS2-TLF3,CCMCyuul1239,CCMC1,Dance,CCMC1-Dance,,,,,,,NHS2-TLF3
NHS2-SCTO,CCMCzezu1238,CCMC1,Work,CCMC1-Work,,,,,,,NHS2-SCTO
NHS2-60WA,CCMCzulu1248,CCMC1,Love,CCMC1-Love,,,,,,,NHS2-60WA
NHS2-IO1X,CCMCzulu1248,CCMC1,Love,CCMC1-Love,,,,,,,NHS2-IO1X
NHS2-UF4Y,CCMCzulu1248,CCMC1,Love,CCMC1-Love,,,,,,,NHS2-UF4Y
NHS2-KAEC,CCMCzulu1248,CCMC1,Lullaby,CCMC1-Lullaby,,,,,,,NHS2-KAEC
NHS2-3MPW,CCMCzuni1245,CCMC1,Dance,CCMC1-Dance,,,,,,,NHS2-3MPW
NHS2-RSEC,CCMCzuni1245,CCMC1,Lullaby,CCMC1-Lullaby,,,,,,,NHS2-RSEC
